height,latency,throughput,/media/nvme/cxy_test/qmdb/data,/media/nvme/cxy_test/qmdb/data/ADS-0,/media/nvme/cxy_test/qmdb/data/ADS-0/metadb,/media/nvme/cxy_test/qmdb/data/ADS-0/data
1,53184,3760529.482551143,5767304,5767304,136,5767168
2,38602,5181078.700585461,5767304,5767304,136,5767168
3,25448600,7858.978489975873,8197776,8197776,272,8197504
4,13866851,14422.885195780931,10437776,10437776,272,10437504
5,11557896,17304.187544168937,12677776,12677776,272,12677504
6,10067274,19866.35110954564,14917776,14917776,272,14917504
7,16407822,12189.308245786675,17157776,17157776,272,17157504
8,18853100,10608.334968784975,19397776,19397776,272,19397504
9,23026940,8685.478834790902,21637776,21637776,272,21637504
10,16499254,12121.760171702308,23877776,23877776,272,23877504
11,11251964,17774.674714565386,26117776,26117776,272,26117504
12,16441856,12164.076853610686,28357776,28357776,272,28357504
13,18626525,10737.3758658687,30597776,30597776,272,30597504
14,16684157,11987.420161534083,32837776,32837776,272,32837504
15,12998909,15385.906617239954,35077776,35077776,272,35077504
16,15369438,13012.837554632772,37317776,37317776,272,37317504
17,12493637,16008.148788059072,39557776,39557776,272,39557504
18,17125484,11678.502049927465,41797776,41797776,272,41797504
19,13147869,15211.590562698793,44037776,44037776,272,44037504
20,17678715,11313.039437538304,46277776,46277776,272,46277504
21,14465398,13826.097284015275,48517776,48517776,272,48517504
22,16915700,11823.335717706035,50757776,50757776,272,50757504
23,17547190,11397.836348725923,52997776,52997776,272,52997504
24,16803270,11902.445178825312,55237776,55237776,272,55237504
25,11526867,17350.76842649438,57477776,57477776,272,57477504
26,15674469,12759.602893086842,59717776,59717776,272,59717504
27,12686977,15764.19662461751,61957776,61957776,272,61957504
28,12148624,16462.76977540831,64197776,64197776,272,64197504
29,17592793,11368.291549840891,66437776,66437776,272,66437504
30,17317977,11548.69301420137,68677776,68677776,272,68677504
31,23627581,8464.683710109808,70917776,70917776,272,70917504
32,21986932,9096.312300415539,73157776,73157776,272,73157504
33,15715942,12725.931414101682,75397776,75397776,272,75397504
34,15732084,12712.873895155912,77637776,77637776,272,77637504
35,16813242,11895.385791746767,79877776,79877776,272,79877504
36,15112674,13233.925379453034,82117776,82117776,272,82117504
37,18008768,11105.701400562215,84357776,84357776,272,84357504
38,21385011,9352.344967229617,86597776,86597776,272,86597504
39,17561823,11388.339354063643,88837776,88837776,272,88837504
40,18904845,10579.298587214018,91077776,91077776,272,91077504
41,14326669,13959.979113079251,93317776,93317776,272,93317504
42,18941706,10558.711026345778,95557776,95557776,272,95557504
43,16356274,12227.72374686313,97797776,97797776,272,97797504
44,16898837,11835.133979930097,100037776,100037776,272,100037504
45,18680372,10706.424904172143,102277776,102277776,272,102277504
46,24010012,8329.858394073273,104517776,104517776,272,104517504
47,15995336,12503.644812462833,106757776,106757776,272,106757504
48,6674456,29964.988906961105,108997776,108997776,272,108997504
49,21072295,9491.135161120324,111237776,111237776,272,111237504
50,15324390,13051.090451234928,113477776,113477776,272,113477504
51,17165567,11651.231794440579,115717776,115717776,272,115717504
52,14873417,13446.809162951593,117957776,117957776,272,117957504
53,21182020,9441.970123718134,120197776,120197776,272,120197504
54,15125385,13222.803915404467,122437776,122437776,272,122437504
55,12281941,16284.071060103612,124677776,124677776,272,124677504
56,14464030,13827.404948689957,126917776,126917776,272,126917504
57,7564859,26438.034073073934,129157776,129157776,272,129157504
58,9329158,21438.161943446557,131397776,131397776,272,131397504
59,17804467,11233.136043892804,133637776,133637776,272,133637504
60,15077005,13265.234043498693,135877776,135877776,272,135877504
61,22688021,8815.224562776983,138117776,138117776,272,138117504
62,15765887,12685.61673694604,140357776,140357776,272,140357504
63,17815056,11226.459237624626,142597776,142597776,272,142597504
64,12283363,16282.185912766723,144837776,144837776,272,144837504
65,13058619,15315.555190024306,147077776,147077776,272,147077504
66,14096295,14188.12531945451,149317776,149317776,272,149317504
67,15260640,13105.610249635663,151557776,151557776,272,151557504
68,12044511,16605.074294838534,153797776,153797776,272,153797504
69,17147404,11663.573098295228,156037776,156037776,272,156037504
70,19737398,10133.047932660627,158277776,158277776,272,158277504
71,18008099,11106.11397682787,160517776,160517776,272,160517504
72,18043328,11084.42965732264,162757776,162757776,272,162757504
73,18185779,10997.60422690719,164997776,164997776,272,164997504
74,12597251,15876.479717678087,167237776,167237776,272,167237504
75,18702149,10693.958218384423,169477776,169477776,272,169477504
76,16174340,12365.26498144592,171717776,171717776,272,171717504
77,13560043,14749.215765761215,173957776,173957776,272,173957504
78,13584834,14722.299882354102,176197776,176197776,272,176197504
79,12322212,16230.85205805581,178437776,178437776,272,178437504
80,14703185,13602.494969627329,180677776,180677776,272,180677504
81,14698831,13606.524219511062,182917776,182917776,272,182917504
82,12365554,16173.961959164952,185157776,185157776,272,185157504
83,16548701,12085.540732169855,187397776,187397776,272,187397504
84,13579490,14728.093617654271,189637776,189637776,272,189637504
85,18979281,10537.806990686317,191877776,191877776,272,191877504
86,20595735,9710.748366105894,194117776,194117776,272,194117504
87,17395700,11497.094109463833,196357776,196357776,272,196357504
88,15155981,13196.110499214798,198597776,198597776,272,198597504
89,16824900,11887.143459990846,200837776,200837776,272,200837504
90,15607949,12813.983438823383,203077776,203077776,272,203077504
91,12140297,16474.061548906095,205317776,205317776,272,205317504
92,11878069,16837.753678649282,207557776,207557776,272,207557504
93,18266293,10949.129087111436,209797776,209797776,272,209797504
94,16035432,12472.379914678944,212037776,212037776,272,212037504
95,18475054,10825.408142244132,214277776,214277776,272,214277504
96,6420690,31149.30015309881,216517776,216517776,272,216517504
97,19521582,10245.07132669883,218757776,218757776,272,218757504
98,12330268,16220.247605323744,220997776,220997776,272,220997504
99,18741796,10671.335874107262,223237776,223237776,272,223237504
100,13817542,14474.354411225962,225477776,225477776,272,225477504
101,17179723,11641.631241667867,227717776,227717776,272,227717504
