height,latency,throughput
1,97589,512352.82665054465
2,53652,931931.7080444344
3,14781175,3382.681011489276
4,13916590,3592.834164116353
5,7734967,6464.151689334938
6,12893854,3877.8165163030385
7,5905796,8466.259247694978
8,679607,73571.93201364907
9,1917602,26074.232296378497
10,2037204,24543.442875627574
11,2472243,20224.549124014105
12,1426712,35045.61537296946
13,1860106,26880.18854839455
14,3104339,16106.488369987941
15,2375376,21049.29914253575
16,5528672,9043.763131544069
17,3524848,14185.008828749495
18,2717495,18399.29788279279
19,2020265,24749.228442803294
20,3959728,12627.129944279002
21,2908328,17192.008604256465
22,5302469,9429.56950809142
23,5394327,9268.996855400126
24,2426422,20606.473235076173
25,1482930,33717.03317081723
26,5893142,8484.438352240622
27,5286232,9458.533034494136
28,4569792,10941.417027295773
29,3115570,16048.42773553475
30,4738660,10551.506121983854
31,4984030,10032.042343244322
32,5477262,9128.648583909258
33,5373960,9304.12582155431
34,6782425,7371.994529980058
35,6090332,8209.733065455217
36,4239637,11793.462506341935
37,4830993,10349.83904965294
38,5984055,8355.538176036149
39,5487817,9111.090985723467
40,5817657,8594.525253035716
41,6021667,8303.348557799693
42,5422034,9221.631586965335
43,5671761,8815.604183603646
44,5372825,9306.091302061765
45,5199612,9616.102124543138
46,6598998,7576.907888136957
47,5776260,8656.12004999775
48,8013072,6239.804160002556
49,4693259,10653.577823001031
50,3780006,13227.492231493812
51,4312893,11593.146410077876
52,3628819,13778.587468815613
53,7442330,6718.326115611643
54,4883782,10237.967214752829
55,4574760,10929.535101294932
56,1935677,25830.755854411662
57,4853661,10301.502309287773
58,7156313,6986.838054735727
59,5844561,8554.962468524154
60,7253192,6893.516675141097
61,10052019,4974.125098649336
62,4861149,10285.63411654323
63,6036299,8283.221225456195
64,6018233,8308.086443313177
65,4195695,11916.976805988043
66,5265917,9495.022424394461
67,6333370,7894.691135998686
68,6504593,7686.876027447068
69,5039827,9920.97546205455
70,4977577,10045.048022361081
71,7123908,7018.619555446253
72,3582290,13957.552291969661
73,5016914,9966.28604755832
74,4698469,10641.764370478979
75,5800471,8619.989652564422
76,5959501,8389.964193310816
77,6517612,7671.521409988812
78,7367369,6786.6832786575505
79,4114243,12152.90394855141
80,6741116,7417.169501311058
81,6778222,7376.565712955403
82,6767607,7388.135865454363
83,5846745,8551.76683778752
84,6078596,8225.583670966123
85,4786687,10445.638079114009
86,6712700,7448.567640442743
87,8330104,6002.326021379805
88,6652623,7515.832476904223
89,6886212,7260.88595587821
90,6334617,7893.137027858195
91,7758687,6444.38936639666
92,7794271,6414.968122098911
93,8010224,6242.022694995796
94,7661674,6525.98896794617
95,4925661,10150.921876272037
96,4280978,11679.574153382708
97,7484778,6680.224851024305
98,6759285,7397.232103691441
99,7296582,6852.523551438194
100,6046542,8269.189232457162
101,6160913,8115.68025713072
102,7839940,6377.599828570116
103,7878176,6346.646736503475
104,6731640,7427.610507989138
105,8054768,6207.5034315078965
106,7175107,6968.537193940104
107,8310855,6016.228173876214
108,7531242,6639.01120160526
109,7946984,6291.695063183719
110,8054377,6207.8047749689395
111,8243469,6065.407657868308
112,7866819,6355.809126916483
113,7300775,6848.587992370673
114,7431182,6728.404714081824
115,7790257,6418.273492132545
116,7779230,6427.371346521442
117,7428316,6731.000673638548
118,7944791,6293.431759249552
119,8536287,5857.34757980841
120,7898269,6330.5010249714205
121,7845054,6373.442426272655
122,7346508,6805.954611360935
123,8761385,5706.8602738037425
124,7229608,6916.004297881711
125,8994644,5558.863697106856
126,7601446,6577.69587523216
127,7900758,6328.5067078374
128,6883576,7263.666443139437
129,6817328,7334.251777235891
130,7737015,6462.440618248769
131,11209874,4460.3534348378935
132,10034442,4982.838108985034
133,9699339,5154.99045862816
134,9219207,5423.459957022334
135,7695500,6497.303618998116
136,8996335,5557.8188228873205
137,9031516,5536.169121551687
138,10512591,4756.201396972449
139,7683300,6507.620423515938
140,8135480,6145.918864037524
141,9108640,5489.293681603401
142,10818984,4621.506048996837
143,8493714,5886.706333648625
144,7822226,6392.042367479538
145,9899414,5050.804017288296
146,9365203,5338.912568152554
147,8787374,5689.982012828861
148,6811928,7340.0658374545355
149,6694707,7468.58675069723
150,6789109,7364.736668685095
151,6388003,7827.172279036187
152,8059869,6203.574772741344
153,8162068,6125.898485530874
154,7572924,6602.469534885072
155,8488897,5890.046728096713
156,8386836,5961.723825290014
157,7656209,6530.6472171802
158,8862291,5641.881991913829
159,8093027,6178.15806125446
160,7683569,6507.392593207662
161,7010981,7131.669590888921
162,8155205,6131.053725810693
163,6864840,7283.4909480774495
164,8906372,5613.958186341195
165,8312394,6015.114297998868
166,8715240,5737.076661113177
167,8310822,6016.252062672019
168,7192842,6951.355250122275
169,5922733,8442.048628563874
170,7759424,6443.777270065407
171,7900180,6328.969719677273
172,8535976,5857.560986581968
173,8775219,5697.863494916765
174,8408906,5946.076695351334
175,8350323,5987.7923285123225
176,7358163,6795.174284668606
177,8277468,6040.494508707252
178,7858157,6362.815097738567
179,7827592,6387.660470806347
180,8022240,6232.6731685913155
181,7831409,6384.547148539937
182,8340979,5994.50016598771
183,7913386,6318.4078218856
184,9228637,5417.918160612449
185,7825710,6389.196635193483
186,7700115,6493.4095140137515
187,7453683,6708.093166827728
188,7379939,6775.123751022874
189,7049276,7092.926989949038
190,7844603,6373.808846668212
191,7709857,6485.204589397702
192,7455233,6706.698502917347
193,9176722,5448.568671907027
194,6435431,7769.487389422713
195,8104048,6169.756151493673
196,9562395,5228.815584380273
197,7072730,7069.406014367861
198,6913589,7232.133700745011
199,8322415,6007.871513256669
200,7371324,6783.041960982857
201,7671302,6517.798412837872
202,7830213,6385.522335088458
203,8189821,6105.139538458777
204,8473736,5900.585054809355
205,8454855,5913.761974628778
206,7853463,6366.6181403032015
207,7056422,7085.744021545197
208,7641744,6543.009030399344
209,7711975,6483.423506948609
210,7760514,6442.872211814836
211,7858887,6362.224065570608
212,8839671,5656.319109613921
213,7217163,6927.929991327617
214,9113376,5486.441029098327
215,8086845,6182.8809628476865
216,7786804,6421.119627513419
217,7567419,6607.272572061888
218,7386844,6768.790568746274
219,9303568,5374.282210867917
220,8712391,5738.952716883345
221,7168993,6974.480237322034
222,8026755,6229.167328515696
223,7304671,6844.935247597052
224,7194600,6949.6566869596645
225,8504769,5879.054445805642
226,7845874,6372.776315296422
227,7257158,6889.7494032788045
228,8583473,5825.1479325443215
229,7393835,6762.390559161789
230,6244422,8007.1462178565125
231,8283773,6035.896927643961
232,7932051,6303.539904118115
233,8920434,5605.108451001375
234,7761215,6442.290285734902
235,8522602,5866.752900111961
236,8165013,6123.688964120449
237,8170591,6119.508368488889
238,8958366,5581.374996288386
239,8615453,5803.525363088859
240,7084072,7058.087495440475
241,8275535,6041.905447804885
242,7210890,6933.956834731913
243,5983826,8355.857941056442
244,7032213,7110.137306705585
245,8797279,5683.5755692186185
246,7344989,6807.362134919466
247,7878885,6346.075618567856
248,6228347,8027.812194792615
249,8828561,5663.437110532509
250,8462083,5908.710656702375
251,8014520,6238.676801605086
252,11990199,4170.072573441024
253,8628948,5794.449103181523
254,8943801,5590.464277995452
255,7170044,6973.457903466143
256,7559323,6614.348930453163
257,7325227,6825.727038902685
258,5221579,9575.64751964875
259,8343681,5992.558919738183
260,7166110,6977.286142691083
261,7102194,7040.078037857034
262,6489311,7704.978232665994
263,6282738,7958.313716090022
264,7558697,6614.896720956006
265,8752454,5712.683551378848
266,7553595,6619.364686616108
267,7578803,6597.347892536592
268,7172397,6971.170168076307
269,7723403,6473.830253322272
270,7271643,6876.025129396479
271,8409995,5945.306745128862
272,5585609,8951.57537879934
273,7122955,7019.55859611636
274,8269133,6046.583118205984
275,6461132,7738.582031755426
276,6869993,7278.027794205904
277,8964098,5577.806043619782
278,6612503,7561.433242449947
279,7312749,6837.37401625572
280,7386080,6769.490717674328
281,8229233,6075.900390716851
282,6392749,7821.361358001073
283,7527858,6641.995638068624
284,6407402,7803.47479368393
285,6114303,8177.546974691964
286,7514759,6653.5733215130385
287,7674117,6515.407570669042
288,7586043,6591.0514875805475
289,8281912,6037.253233311341
290,7771965,6433.379460664066
291,7416958,6741.308229061025
292,5575314,8968.104756072931
293,7168008,6975.438643483656
294,6886417,7260.669808406898
295,7864650,6357.562002123425
296,9060768,5518.296020822959
297,7345756,6806.651350793573
298,8380110,5966.508792844008
299,7295612,6853.434639890389
300,6332154,7896.2071990036875
301,7288272,6860.336716302574
302,7031733,7110.622658738606
303,7443107,6717.624776857299
304,6121422,8168.036773154995
305,8195926,6100.591928233613
306,7503357,6663.684001707502
307,7011634,7131.005411862627
308,6873199,7274.632962031217
309,4807238,10400.982851275514
310,6577159,7602.066484936733
311,3009877,16611.974509257354
312,6530600,7656.264355495667
313,7996785,6252.512728552788
314,6893650,7253.051721511826
315,6647051,7522.132747288985
316,7062951,7079.193951649955
317,6383186,7833.0789671490065
318,7440859,6719.654276475337
319,5896143,8480.119969953239
320,7512574,6655.508484841546
321,7116987,7025.444896836259
322,6498312,7694.305844348502
323,8032018,6225.0856509534715
324,7520457,6648.532130427712
325,8555283,5844.342028194743
326,7221081,6924.1710486283155
327,4701714,10634.419703112526
328,9134768,5473.592761195468
329,7086772,7055.398423993322
330,7858678,6362.393267671739
331,9550615,5235.264954141697
332,8440653,5923.71230045827
333,8199358,6098.038407397262
334,7743202,6457.276976630597
335,4308134,11605.952832479212
336,3300915,15147.315214114875
337,7608109,6571.935286416112
338,6604303,7570.821629473996
339,6628072,7543.671824928878
340,6823423,7327.700481122158
341,8471294,5902.28600258709
342,6517022,7672.215929300223
343,8020100,6234.336230221568
344,7318349,6832.142058270247
345,8331656,6001.207923130768
346,6435347,7769.5888038360645
347,6547678,7636.294881941354
348,5364689,9320.204768626849
349,6907364,7238.651387128288
350,5792159,8632.359712500986
351,8248125,6061.983784193377
352,5998784,8335.022564573086
353,6486100,7708.79264889533
354,7861929,6359.762343312946
355,6965748,7177.980024542949
356,7078266,7063.876943872977
357,8396585,5954.801862900215
358,5715423,8748.25887777685
359,7055824,7086.344557347235
360,6897123,7249.3994959927495
361,7765162,6439.0156960022205
362,6647261,7521.895108376217
363,4009196,12471.32841597168
364,5238211,9545.243595571084
365,6364166,7856.488972789207
366,6716802,7444.018745825766
367,7460055,6702.3634544249335
368,7411262,6746.489329347687
369,5100662,9802.649146326496
370,5984006,8355.606595314242
371,6559142,7622.948245365019
372,7473276,6690.506278638712
373,4491698,11131.647764386653
374,7954885,6285.445986962728
375,6620494,7552.3065197249625
376,7196609,6947.716625983154
377,7271130,6876.510253564439
378,6764432,7391.603611360127
379,7811612,6400.7275322942305
380,6254844,7993.804481774445
381,6752058,7405.14965955565
382,4620154,10822.150084174682
383,3093697,16161.893036066558
384,8344440,5992.0138439487855
385,5779244,8651.65063112061
386,2960934,16886.563496518327
387,7334812,6816.807301945844
388,6536332,7649.550237044263
389,5565753,8983.510407306972
390,5413371,9236.388933993256
391,7209796,6935.008979449626
392,4463478,11202.026760297687
393,3525117,14183.926377479102
394,4222253,11842.018941072456
395,5593259,8939.332149646567
396,7282325,6865.939105986069
397,6435166,7769.807336749355
398,7183914,6959.994231556781
399,6225744,8031.168644261633
400,6102468,8193.406339861183
401,3654643,13681.226866755522
402,6261830,7984.886207386658
403,3498015,14293.820924152698
404,6186171,8082.544113313389
405,5667196,8822.705267296209
406,5084268,9834.257360154894
407,6357414,7864.833090939178
408,5614847,8904.9621476774
409,8736611,5723.042951093966
410,9824455,5089.340833664564
411,8241501,6066.856025376931
412,7834335,6382.162621332889
413,8146485,6137.61640756719
414,6094756,8203.773867239312
415,7516302,6652.2074285998615
416,5135250,9736.624312350907
417,7305707,6843.964588232186
418,6717769,7442.9472046448755
419,6678122,7487.134856176632
420,6542015,7642.905129382921
421,6871019,7276.94101850104
422,8661085,5772.948770275318
423,4514293,11075.931491376392
424,7343967,6808.309459996211
425,9200869,5434.269306518764
426,4806308,10402.995396882596
427,5836934,8566.141059672766
428,5358021,9331.803664076719
429,7053998,7088.178930586598
430,6669352,7496.980216368847
431,6690970,7472.7580604904815
432,5439729,9191.634362667699
433,2820664,17726.32259638156
434,6891644,7255.162919036445
435,8673279,5764.832423815722
436,7723904,6473.410337570223
437,9047785,5526.214427066956
438,7105289,7037.011443165788
439,6014862,8312.742669740386
440,6396629,7816.617158819122
441,4879648,10246.640741299372
442,1404033,35611.69858543211
443,5923191,8441.395862466701
444,10059189,4970.579636191347
445,6292715,7945.695935697072
446,6635091,7535.69167325663
447,6443329,7759.96383236057
448,5634605,8873.73649084541
449,7963030,6279.016906880924
450,7986551,6260.5247246276895
451,5993633,8342.185782813194
452,5502420,9086.910850135031
453,7365805,6788.124312278156
454,6655983,7512.038417165429
455,1106903,45171.07641771682
456,7659549,6527.799482711058
457,6908804,7237.142637133721
458,7136467,7006.267947431131
459,5788570,8637.7119046673
460,6793128,7360.379489389866
461,8871088,5636.287228804404
462,10011946,4994.034126832086
463,8974753,5571.183964617188
464,7529575,6640.48103644628
465,10943622,4568.871256700935
466,8963207,5578.360513151152
467,8441584,5923.058989876781
468,7991551,6256.607759870393
469,7597500,6581.112207963145
470,6884952,7262.214754728864
471,8226234,6078.115453559915
472,4858743,10290.72745769842
473,8554426,5844.927526405629
474,8024077,6231.246285398308
475,6182837,8086.902501230423
476,6701563,7460.946050943638
477,7149660,6993.339543418848
478,4650756,10750.940277236647
479,7409879,6747.748512492579
480,6939137,7205.506967220851
481,6890502,7256.365356254159
482,8220485,6082.366186423306
483,6059178,8251.944405660306
484,3619433,13814.318430538706
485,6195923,8069.822688241929
486,8152177,6133.331010845323
487,6964952,7178.800370770681
488,2501363,19989.10194162143
489,4972037,10056.240530792511
490,8972928,5572.317085348283
491,6874303,7273.464669799978
492,6003220,8328.863509916344
493,5166945,9676.898050975964
494,7362946,6790.760111509714
495,8448188,5918.428898599321
496,13389915,3734.1536522076503
497,6492108,7701.658690828926
498,8998300,5556.605136525788
499,7237676,6908.294872553013
500,5590645,8943.511884585769
501,5041256,9918.163251380212
502,5693213,8782.387028203582
503,5805806,8612.068677458392
504,4613868,10836.894336812411
505,8333624,5999.790727299432
506,7073679,7068.457587628729
507,8234697,6071.868825288897
508,5835369,8568.4384312286
509,3105020,16102.955858577401
510,7661762,6525.9140129907455
511,7903690,6326.159047229838
512,5067670,9866.467232475674
513,11703410,4272.259110806167
514,7041173,7101.089548573796
515,5088581,9825.922000652048
516,5899613,8475.132182399082
517,7352238,6800.650359795208
518,2639065,18946.104017900278
519,5897074,8478.781171815039
520,4484930,11148.446018109536
521,4970949,10058.441557135267
522,6191841,8075.14275641122
523,4943446,10114.401977891535
524,4295931,11638.920643744044
525,6098884,8198.22118276065
526,5856945,8536.873745613115
527,7821199,6392.881705221923
528,3101646,16120.472807019241
529,7731062,6467.416766286443
530,7173429,6970.167265891947
531,7075878,7066.260893701107
532,6239268,8013.760588581865
533,7166325,6977.076814127185
534,7372925,6781.569051631476
535,3981464,12558.194674119872
536,8112383,6163.4170871863425
537,5345060,9354.431942765843
538,9692655,5158.54531085652
539,9393870,5322.6199638700555
540,10688609,4677.877168114204
541,5513313,9068.957267617492
542,6656540,7511.409831534101
543,5070260,9861.427224639367
544,1840048,27173.204177282332
545,8415569,5941.368908032244
546,7523577,6645.775008350417
547,6775039,7380.031317900901
548,7038739,7103.545109429402
549,8068975,6196.573914282793
550,4470846,11183.565705461562
551,6568393,7612.211997668228
552,6087917,8212.989763165298
553,6284981,7955.473532855549
554,9579088,5219.703587648427
555,6323640,7906.838466452866
556,8209076,6090.819478343239
557,9245223,5408.198374446998
558,7295371,6853.661040679082
559,7105639,7036.664823529593
560,8110304,6164.99702107344
561,9374246,5333.762310056723
562,7477107,6687.0783044832715
563,9166386,5454.712467923563
564,8459615,5910.434458305727
565,9017709,5544.645541345369
566,8803809,5679.359922506269
567,8603814,5811.376210596835
568,13082118,3822.0110841379046
569,8341663,5994.008628735061
570,7476148,6687.936086872544
571,8447554,5918.873084445509
572,7764652,6439.438625195308
573,7652646,6533.687825099972
574,8347537,5989.79076103526
575,6361969,7859.202080362227
576,9468945,5280.419307536373
577,7553072,6619.823033594807
578,9122218,5481.1231215917005
579,5868875,8519.520351004237
580,6547466,7636.542137064934
581,7687419,6504.133572009018
582,6421532,7786.303953635986
583,7629718,6553.322154239515
584,9289305,5382.5340001216455
585,6261501,7985.305759753132
586,6284824,7955.67226703564
587,9189307,5441.106712399531
588,6531910,7654.728861848985
589,7877007,6347.588620906393
590,10410340,4802.9170997296915
591,8130258,6149.866338804992
592,6661164,7506.19561385968
593,6755444,7401.438010588201
594,7090079,7052.107599929423
595,9235381,5413.961806231925
596,8813719,5672.974144058825
597,9015802,5545.8183309704455
598,8719220,5734.4578987569985
599,5647232,8853.895147215484
600,8127632,6151.853331942194
601,11090496,4508.364639417389
602,7983978,6262.542306604552
603,7761454,6442.0919070060845
604,8573792,5831.725332268383
605,6906798,7239.244581932177
606,7755766,6446.81647177081
607,7260755,6886.336200574183
608,6663800,7503.226387346559
609,5701253,8770.00196272644
610,6922119,7223.221675328032
611,6877962,7269.595266737443
612,7564631,6609.707730621626
613,2923681,17101.728950593446
614,7215650,6929.382661298705
615,6582300,7596.129012655151
616,6445387,7757.486090439566
617,4845212,10319.465897467438
618,6248016,8002.540326401213
619,7346133,6806.302036731434
620,7580734,6595.667385242643
621,3927414,12731.023518274367
622,8043255,6216.388763007017
623,6466142,7732.58613868981
624,8330644,6001.93694509092
625,8163253,6125.009233451419
626,7129773,7012.845991029448
627,7253167,6893.540435509068
628,6950184,7194.054143027005
629,6058662,8252.64720164287
630,7547098,6625.063037474802
631,6616790,7556.534210697332
632,7427259,6731.958586606445
633,3067324,16300.853773517243
634,5638407,8867.752895454336
635,5564205,8986.00968152683
636,3912500,12779.55271565495
637,1361082,36735.479566991555
638,8064010,6200.389136422203
639,7663352,6524.560009771181
640,6156776,8121.133528327163
641,7732757,6465.999125538278
642,7433146,6726.6269221672765
643,4260885,11734.651369375142
644,6509845,7680.67442465988
645,5254224,9516.153098916226
646,5280415,9468.952724359733
647,5982532,8357.665282860167
648,6638457,7531.870734419158
649,6644933,7524.530345151712
650,6642932,7526.796902331682
651,869471,57506.23080010719
652,6750015,7407.390946538637
653,6225446,8031.553080694941
654,7747599,6453.612273944483
655,5871509,8515.69843459322
656,6396800,7816.40820410205
657,7729260,6468.924580102105
658,1061554,47100.75982945757
659,8157200,6129.554258814299
660,9917263,5041.713626027666
661,11183906,4470.709964836972
662,6767671,7388.065997889082
663,5903526,8469.514659544144
664,5616372,8902.544204692995
665,7789510,6418.888993017533
666,4657804,10734.672390680244
667,7146548,6996.38482803166
668,5436330,9197.381321590117
669,6894981,7251.6515999101375
670,6738274,7420.297838882776
671,2724769,18350.179409704087
672,4177966,11967.545930244525
673,8657670,5775.225897960999
674,6284075,7956.620505006704
675,5820499,8590.328767344517
676,7149642,6993.357149910443
677,7989511,6258.205289410078
678,7925376,6308.848942939742
679,1950596,25633.1910862116
680,7464722,6698.173086686953
681,6880497,7266.916910217387
682,6925513,7219.681776642395
683,3789487,13194.398080795634
684,7858791,6362.301784078492
685,7450280,6711.157164562943
686,5302525,9429.469922348315
687,6498578,7693.990900778601
688,6433815,7771.438874136108
689,7208165,6936.5781721145395
690,5595154,8936.304523521605
691,5440524,9190.291229300707
692,8266708,6048.356854989919
693,7393734,6762.482934874313
694,7669765,6519.104561873799
695,6103845,8191.557944213852
696,4234162,11808.712089901142
697,9136091,5472.800128632694
698,8349504,5988.379669019861
699,6787001,7367.024109765123
700,7825798,6389.124789574175
701,11110975,4500.05512567529
702,3664912,13642.892380499177
703,7155986,6987.1573253497145
704,8828095,5663.7360608375875
705,7038439,7103.847884452788
706,6138583,8145.2022396699695
707,7005995,7136.7450305060165
708,9753711,5126.253997068398
709,6301590,7934.50541847375
710,10457581,4781.220437116384
711,8786850,5690.321332445643
712,7509816,6657.952738123011
713,5830384,8575.764477948622
714,7494885,6671.216436276207
715,5106554,9791.338738413418
716,6893223,7253.501011065506
717,5802178,8617.453652749018
718,4388588,11393.186145521066
719,7975735,6269.014705227794
720,6310667,7923.092757073065
721,9363779,5339.724485167793
722,10648686,4695.415002376819
723,9056252,5521.047780030856
724,8356856,5983.111351924696
725,7542319,6629.260841393741
726,6795772,7357.515820130517
727,7573638,6601.847091186561
728,10183828,4909.7451370938315
729,5817668,8594.50900257629
730,4235887,11803.903173054427
731,6106738,8187.677283682385
732,5192737,9628.83350341063
733,2673405,18702.740512567307
734,4338544,11524.603645831412
735,6457418,7743.032896430121
736,5281001,9467.90201327362
737,8033466,6223.963604252511
738,8632901,5791.795828540139
739,8844101,5653.485865889591
740,6844346,7305.299878176819
741,6431765,7773.915869127681
742,6875562,7272.132808925292
743,7040634,7101.6331767849315
744,7865716,6356.7003944714
745,11062907,4519.607730590161
746,8746107,5716.829213271688
747,6572275,7607.715745308892
748,8386004,5962.315305358786
749,8126195,6152.941198186851
750,10811414,4624.741962522201
751,8473307,5900.883798970107
752,8232572,6073.436102350517
753,6592352,7584.546456257191
754,8028362,6227.920464971559
755,5024754,9950.735896722506
756,7198617,6945.778612752977
757,3398968,14710.347376027075
758,7530549,6639.622157693948
759,8606474,5809.580090522553
760,5816927,8595.603829994772
761,8424819,5934.845603211179
762,6910975,7234.869175478135
763,8193072,6102.71702726401
764,5426762,9213.59735326517
765,3442742,14523.307294011576
766,8454971,5913.680839354742
767,9664474,5173.587305423968
768,2467935,20259.852872948435
769,7491746,6674.011638942377
770,6361051,7860.336287195308
771,8918161,5606.537042782699
772,11070709,4516.422570586942
773,6501051,7691.064106403718
774,6672827,7493.0760231008535
775,8052091,6209.56717950654
776,8219629,6082.999609836405
777,7120325,7022.151376517224
778,9416114,5310.0461612932895
779,7279040,6869.037675297842
780,7136563,7006.17370014109
781,9412110,5312.305104806467
782,6697510,7465.461044477724
783,8550868,5847.3595896931165
784,6814214,7337.6034271891085
785,5262031,9502.034480602642
786,7507105,6660.357088384937
787,9137432,5471.996946187944
788,7926837,6307.686155272273
789,9461418,5284.6201277652035
790,7566506,6608.0698277381925
791,5490723,9106.268882986813
792,9317571,5366.205419846009
793,7307376,6842.401431101945
794,5468728,9142.893923413269
795,6417508,7791.186236152724
796,7901423,6327.974087705467
797,8405364,5948.582357646855
798,6136658,8147.757297212914
799,9007197,5551.116512717553
800,6967541,7176.132870979876
801,5810361,8605.317294398747
802,2716003,18409.40529152582
803,8622498,5798.783600761635
804,7467728,6695.476857218152
805,6458850,7741.3161785766815
806,8821801,5667.776908592701
807,9896750,5052.163589057013
808,6847426,7302.013924648474
809,7548673,6623.680744946827
810,8302279,6022.442753369286
811,8548405,5849.04435388824
812,8288674,6032.327969467734
813,6402959,7808.88960869498
814,5796053,8626.560178107413
815,5796984,8625.174746040355
816,8920115,5605.308900165524
817,9940438,5029.959444442991
818,8662472,5772.0244290544315
819,7009927,7132.741895885649
820,3281265,15238.025578549736
821,8337674,5996.876347048349
822,2213336,22590.334228512977
823,8242172,6066.362119111322
824,6474671,7722.400103418382
825,7554198,6618.836307970747
826,5499154,9092.30765314083
827,7435208,6724.761432363425
828,6540130,7645.107971859886
829,8852783,5647.94144395045
830,6886334,7260.757320222922
831,5686409,8792.895481137568
832,7632094,6551.28199416831
833,3308141,15114.22880705508
834,4107156,12173.874087081182
835,8547881,5849.402910499105
836,7005411,7137.339979053335
837,7228037,6917.507478171459
838,6421273,7786.618011724466
839,6245150,8006.212821149212
840,7965450,6277.109265640986
841,6203175,8060.388430118447
842,5553910,9002.666589843911
843,8045204,6214.882804711975
844,6848342,7301.037243759146
845,6256323,7991.914739696145
846,4081745,12249.66282803066
847,2711763,18438.18947304761
848,6471484,7726.203139805336
849,6894191,7252.482561043058
850,7132687,7009.980951077763
851,8094798,6176.8063884978965
852,5205541,9605.149589639193
853,5882769,8499.39883752022
854,4655969,10738.903115549094
855,7879416,6345.647951574077
856,6420647,7787.377191114851
857,8295962,6027.028571249482
858,7170741,6972.7800794924815
859,5810481,8605.139574503384
860,5906640,8465.049503609496
861,7924074,6309.885546248054
862,9920485,5040.076165631015
863,5805357,8612.734755158037
864,8649211,5780.874116725792
865,6265626,7980.048601688004
866,5688072,8790.324735692517
867,6399036,7813.676935088348
868,4356357,11477.4799218705
869,5489349,9108.548208539847
870,10246712,4879.614065468025
871,6673684,7492.1138010130535
872,8827361,5664.207003656019
873,5945166,8410.19409718753
874,9152873,5462.765625612854
875,8522929,5866.527809864426
876,5982717,8357.406843746747
877,11114454,4498.646537202817
878,9268277,5394.7459705833135
879,8135513,6145.8939344083155
880,8717025,5735.901870190805
881,11037363,4530.067553273368
882,12687379,3940.9242838887376
883,10150629,4925.803120181025
884,9885329,5058.000598664951
885,8676980,5762.373544712561
886,10223989,4890.459095759982
887,7498366,6668.119427619297
888,7361012,6792.544286030236
889,6352234,7871.246556723193
890,5251812,9520.523583098558
891,4662304,10724.311413412768
892,5922160,8442.865440987747
893,6419004,7789.370438155203
894,3845682,13001.595035678976
895,5684492,8795.86073830344
896,5241127,9539.932919007688
897,5304963,9425.136424137172
898,5670539,8817.50394451039
899,9017684,5544.660912935073
900,8831342,5661.653687514309
901,8326540,6004.895190559344
902,7009860,7132.810070386569
903,10364377,4824.2166412896795
904,8485445,5892.442883078024
905,7952141,6287.614870007964
906,7606316,6573.484456864532
907,5468923,9142.567924251265
908,10969104,4558.2574474633475
909,7961025,6280.598289793086
910,7040567,7101.700757907709
911,7682953,6507.914339707661
912,8587343,5822.522752381034
913,6346807,7877.977067838994
914,7014495,7128.0968907954175
915,6813612,7338.25172316827
916,3145700,15894.713418317067
917,11773212,4246.929385115974
918,12057683,4146.733663507325
919,5068531,9864.791198870047
920,4262025,11731.512602577413
921,8814858,5672.2411183481345
922,7313462,6836.707430762613
923,5269338,9488.857993167263
924,7593229,6584.813917768053
925,5208972,9598.822953934095
926,7009861,7132.809052847125
927,5944737,8410.80101609205
928,5680030,8802.770407902775
929,9084047,5504.154701093026
930,5047160,9906.561313689283
931,7922285,6311.3104363198245
932,9442102,5295.431038554763
933,6397905,7815.058210461081
934,7682339,6508.434475489821
935,8619221,5800.98827956726
936,5123609,9758.746227512676
937,9460147,5285.330132819289
938,10895721,4588.95744485381
939,7797008,6412.716262443235
940,5536802,9030.48366186835
941,8131039,6149.275633778168
942,5194624,9625.335731710324
943,9463689,5283.351978282464
944,6023555,8300.745988041945
945,5705394,8763.636656819845
946,7925910,6308.423890758286
947,7196763,6947.567955204306
948,6295659,7941.980339151151
949,9310826,5370.092836016912
950,4597583,10875.279467494116
951,6331895,7896.530185671115
952,7593897,6584.234682140145
953,7274131,6873.673295133123
954,8050536,6210.766587466971
955,7917719,6314.950050639585
956,8558888,5841.880393808168
957,4721384,10590.115101843017
958,4580372,10916.143928921056
959,5951903,8400.67454056291
960,5189593,9634.666918966477
961,10390794,4811.951810419878
962,6851468,7297.706126628629
963,6749076,7408.421538000164
964,8787587,5689.844094857895
965,7998371,6251.272915447408
966,8843352,5653.964695739805
967,866258,57719.52466817045
968,8408546,5946.331268212126
969,8586007,5823.428748660466
970,6780050,7374.576883651301
971,6345030,7880.183387627798
972,4869471,10268.055811401278
973,5406294,9248.479642431581
974,6284259,7956.387539087743
975,9566525,5226.558233005193
976,6321216,7909.870505927973
977,7137788,7004.971288023685
978,7091091,7051.10116341759
979,8581836,5826.259089546806
980,8013180,6239.720061199174
981,8264349,6050.08331569734
982,6058788,8252.475577623776
983,6298832,7937.979612728202
984,4127683,12113.333315567112
985,4929172,10143.69147597203
986,3522569,14194.186118142754
987,5768464,8667.81867755437
988,4261778,11732.19252621793
989,5580658,8959.516960186415
990,5751539,8693.32538647482
991,5638386,8867.785923134741
992,5803553,8615.41197263125
993,10481931,4770.1134457000335
994,7863748,6358.291237206482
995,6800749,7352.1313608251085
996,6622224,7550.333543534619
997,7635194,6548.622078234031
998,6365252,7855.148547143145
999,8385477,5962.690017514806
1000,7890677,6336.5919045983
1001,6647191,7521.974319678793
1002,10965499,4559.756012927455
1003,7106711,7035.603389528574
1004,6021923,8302.995571348221
1005,6967924,7175.738426538522
1006,9018948,5543.88383212765
1007,4947326,10106.469636324755
1008,5925041,8438.760170604726
1009,7232368,6913.365027885749
1010,4665679,10716.5537963499
1011,7261210,6885.9046908159935
1012,5477916,9127.558728538372
1013,4083227,12245.216834626142
1014,4948076,10104.937757625388
1015,8466995,5905.282806946266
1016,10590522,4721.202599834078
1017,9330093,5359.003388283482
1018,8816311,5671.306286722417
1019,9326880,5360.84950165543
1020,7964450,6277.897406600582
1021,7368348,6785.781561891485
1022,4495436,11122.391687925265
1023,8878591,5631.524191169522
1024,7446920,6714.185193341677
1025,15424309,3241.6363027996913
1026,6588001,7589.555617857374
1027,5665706,8825.02551314876
1028,8128827,6150.948962254948
1029,8548405,5849.04435388824
1030,5984214,8355.31617017707
1031,11515822,4341.85245308585
1032,8914943,5608.56081749485
1033,7796988,6412.732711657373
1034,5840773,8560.510740616011
1035,3191681,15665.725992039932
1036,7433098,6726.670360057139
1037,7911363,6320.023490263308
1038,6370529,7848.641768995949
1039,6409543,7800.868174220846
1040,9181566,5445.694122331637
1041,8159830,6127.5786382804545
1042,9881725,5059.845320528551
1043,7392679,6763.448000379835
1044,8259226,6053.836037420456
1045,8370426,5973.411628034224
1046,10239713,4882.949356100117
1047,13163304,3798.438446760783
1048,10369333,4821.910917510316
1049,11083069,4511.385790343812
1050,10221677,4891.565249029098
1051,10221334,4891.729396573872
1052,9573958,5222.500453835289
1053,6267164,7978.090249433397
1054,10230414,4887.3877440346005
1055,6286245,7953.873894510953
1056,8518356,5869.677200624157
1057,9947655,5026.310220851045
1058,9787604,5108.5025507774935
1059,6920099,7225.330157848898
1060,10751501,4650.51344923839
1061,8331468,6001.343340693381
1062,11889843,4205.269993893106
1063,9457253,5286.947488874412
1064,9093109,5498.66937699746
1065,8774199,5698.5258711364995
1066,9715024,5146.667676785975
1067,6796118,7357.141238571785
1068,7085048,7057.1152093817855
1069,9889294,5055.972650828259
1070,9567424,5226.067121097592
1071,8939799,5592.9669112247375
1072,8593834,5818.124948655048
1073,4358104,11472.87903179915
1074,6317776,7914.177394070319
1075,5511177,9072.472177903195
1076,6149534,8130.6973829236495
1077,6422427,7785.218889992832
1078,2157879,23170.9006853489
1079,6050682,8263.53128457255
1080,3757096,13308.150763249063
1081,5065399,9870.890723514574
1082,6234661,8019.682224903648
1083,9150640,5464.098685993547
1084,8951851,5585.437023024623
1085,5575422,8967.931037327757
1086,4216042,11859.464398125067
1087,8558511,5842.137726994801
1088,4773255,10475.032236911708
1089,6351504,7872.1512259143665
1090,8102907,6170.624937445289
1091,8066922,6198.150918032925
1092,7536606,6634.286043346302
1093,5378230,9296.738889932189
1094,8621760,5799.279961399993
1095,5007700,9984.623679533519
1096,5109490,9785.712468367685
1097,6829586,7321.087983956861
1098,8970242,5573.98562937321
1099,8673037,5764.993277441339
1100,8023386,6231.782940519128
1101,9135533,5473.134408249633
1102,6199456,8065.223787377474
1103,10049176,4975.532322252093
1104,8519497,5868.891085940872
1105,7244515,6901.773272606931
1106,8961859,5579.199583479275
1107,5626348,8886.759226411164
1108,9126632,5478.472233787886
1109,8596456,5816.350365778642
1110,5996715,8337.898332670471
1111,7716656,6479.490597999962
1112,4923324,10155.740308783254
1113,8690737,5753.251996925002
1114,8765847,5703.955362214285
1115,8396344,5954.972783392391
1116,6911047,7234.793801865333
1117,7830049,6385.656079546884
1118,7267646,6879.806748980344
1119,5652886,8845.039507253465
1120,6723326,7436.795419409977
1121,4074636,12271.034762368958
1122,7532708,6637.719131021672
1123,6566240,7614.70796072029
1124,6148227,8132.425819671264
1125,8605401,5810.3044820340165
1126,6234271,8020.183915649481
1127,11528315,4337.147276076339
1128,5706464,8761.993416588626
1129,4979299,10041.574125193125
1130,9042453,5529.473031267069
1131,6623032,7549.412414132983
1132,7544739,6627.134484042456
1133,6880128,7267.306654759912
1134,6682650,7482.061756937741
1135,6006520,8324.287607466553
1136,5656295,8839.708678560788
1137,8898069,5619.19670436361
1138,8676504,5762.689673167903
1139,8647534,5781.99519076768
1140,5955823,8395.1453896464
1141,6205298,8057.6307535915275
1142,10021760,4989.143623475317
1143,9447064,5292.649652844524
1144,5375404,9301.6264451937
1145,5652823,8845.138084104174
1146,6968193,7175.461414458527
1147,5561579,8990.252588338672
1148,7397462,6759.074936782372
1149,6464321,7734.764409131291
1150,9271936,5392.617032731891
1151,8357257,5982.824268776226
1152,7312815,6837.312307230526
1153,8430223,5931.041207332239
1154,6341496,7884.574870030668
1155,10782807,4637.011494316832
1156,10063161,4968.61771365876
1157,8228716,6076.282131987542
1158,7985620,6261.254605152762
1159,9403194,5317.34217118141
1160,7752156,6449.818605301544
1161,7478454,6685.873845048723
1162,6828891,7321.833076556647
1163,6504914,7686.496700801887
1164,8338508,5996.276552112201
1165,3555476,14062.814655477918
1166,9568646,5225.399706499749
1167,8004038,6246.846904025193
1168,7649320,6536.52873719494
1169,6939547,7205.081253862824
1170,8871891,5635.777085178346
1171,10339885,4835.643723310269
1172,6738220,7420.357305044952
1173,5121414,9762.92875366061
1174,5955460,8395.657094498158
1175,7149130,6993.857993909749
1176,8867183,5638.769381437149
1177,7229544,6916.065522251472
1178,7652361,6533.931161898922
1179,7637457,6546.681703085202
1180,4298218,11632.727795565512
1181,10024929,4987.56649548341
1182,5691738,8784.662962349988
1183,8121130,6156.778674888839
1184,6857396,7291.397492575899
1185,8062538,6201.521158721981
1186,9656592,5177.810142543042
1187,9601073,5207.751258635363
1188,8846344,5652.052418490622
1189,6387888,7827.313190212478
1190,7739081,6460.715426030558
1191,5055215,9890.776158877516
1192,8059411,6203.927309328188
1193,7136267,7006.4643040962455
1194,8359276,5981.379248633494
1195,9153037,5462.667746235485
1196,10243910,4880.94877834733
1197,9782633,5111.098412871054
1198,7038702,7103.582450286999
1199,9404925,5316.36350103802
1200,5277184,9474.750169787523
1201,6500265,7691.994095625333
1202,5780952,8649.094474404907
1203,6248646,8001.733495544475
1204,9458278,5286.374538790254
1205,7158032,6985.160166928564
1206,8207897,6091.694376769104
1207,8853878,5647.2429369367865
1208,10397840,4808.691035830519
1209,6916500,7229.0898575869305
1210,7194332,6949.915572425626
1211,8062770,6201.342714724592
1212,9146642,5466.487045191011
1213,5312880,9411.091536040716
1214,6646828,7522.385113621114
1215,6037925,8280.990572092234
1216,6756271,7400.532039049351
1217,8343258,5992.8627401909425
1218,5253217,9517.977269928122
1219,6287438,7952.3646992622425
1220,6733127,7425.970132451089
1221,3705288,13494.227709155133
1222,6307855,7926.624819372037
1223,11229827,4452.428341059929
1224,10071069,4964.716258025836
1225,8527816,5863.165903204291
1226,6930252,7214.744860648646
1227,5862876,8528.237677208252
1228,7885980,6340.3660673752665
1229,7302539,6846.933648693968
1230,8040221,6218.734534784554
1231,6835078,7315.205473880474
1232,4734902,10559.880648004964
1233,9683174,5163.596151427208
1234,10252919,4876.660002873328
1235,7817086,6396.245352807939
1236,8901268,5617.177238119333
1237,6781227,7373.296897449385
1238,12564509,3979.463105163919
1239,7374297,6780.307329634269
1240,7297519,6851.643688766004
1241,9536226,5243.164329368871
1242,5621934,8893.736568234348
1243,6606252,7568.588058705602
1244,6801926,7350.859153716167
1245,7291926,6856.898986632612
1246,6958957,7184.98476136582
1247,6385271,7830.521210454497
1248,7585386,6591.622364372755
1249,5847340,8550.896647022408
1250,8893621,5622.007054269572
1251,8885631,5627.06238870374
1252,6710029,7451.532623778526
1253,6453733,7747.4540703806615
1254,7649189,6536.640681776853
1255,9533516,5244.654752769073
1256,7748701,6452.6944580775535
1257,9315139,5367.606430778972
1258,7366711,6787.289470158392
1259,8940135,5592.756708931129
1260,11119494,4496.607489513462
1261,7766571,6437.8475391520915
1262,10905543,4584.82443285951
1263,11053286,4523.5416870603
1264,9953661,5023.277364981588
1265,7077023,7065.117634915133
1266,8919870,5605.462859884729
1267,7019626,7122.886603930181
1268,9880457,5060.494671450925
1269,11201824,4463.558791853899
1270,10521565,4752.14476173459
1271,5450854,9172.874562408018
1272,7642559,6542.311286049607
1273,9072830,5510.9596454469
1274,6907960,7238.0268559748465
1275,8684928,5757.100116431592
1276,6668000,7498.500299940012
1277,6906587,7239.465744802751
1278,10403408,4806.1173799970165
1279,6148371,8132.235351445122
1280,1298944,38492.80646432794
1281,5641693,8862.587879205765
1282,4966654,10067.139768544375
1283,9906632,5047.123987244101
1284,7803270,6407.570159689464
1285,8737912,5722.190839184464
1286,10140264,4930.83809257826
1287,8327000,6004.563468235859
1288,5393365,9270.650141423768
1289,10380822,4816.5742558729935
1290,5259898,9505.88775675878
1291,8438293,5925.369029020442
1292,8749801,5714.415676425098
1293,10370916,4821.174908754443
1294,9352285,5346.28703038883
1295,9172590,5451.023102526114
1296,10901841,4586.381327704192
1297,10000456,4999.772010396326
1298,9093216,5498.604674077906
1299,6465109,7733.821657144528
1300,7218959,6926.206396240787
1301,7883095,6342.68647022521
1302,8109230,6165.813523602118
1303,9169464,5452.881433418573
1304,7885654,6340.628183787927
1305,8464648,5906.920169627845
1306,8885714,5627.009827235043
1307,6489534,7704.713466329015
1308,9139924,5470.505006387362
1309,7678236,6511.912371539504
1310,8085806,6183.675443115998
1311,8950041,5586.5665866782065
1312,8843856,5653.642483550162
1313,6158158,8119.31100176384
1314,7213914,6931.0501899523615
1315,7818293,6395.257890693019
1316,9462124,5284.225824983904
1317,9623817,5195.44376207486
1318,9281097,5387.2941959339505
1319,10925535,4576.43492973113
1320,13111145,3813.5494649780776
1321,8649554,5780.644874868693
1322,8702508,5745.4701564192765
1323,9315466,5367.418012153123
1324,10797760,4630.590048306316
1325,10119554,4940.929214864608
1326,7887219,6339.370061868448
1327,7109464,7032.878990596197
1328,6180417,8090.069003434559
1329,9442708,5295.091196296656
1330,8537257,5856.682070130957
1331,9142843,5468.758459485743
1332,6346898,7877.864115667212
1333,7826496,6388.554980415246
1334,2847532,17559.06518346414
1335,8886312,5626.631160373392
1336,9098619,5495.339457559438
1337,10796759,4631.01936423699
1338,7814115,6398.677265435689
1339,8222586,6080.812046234603
1340,9157595,5459.948818439776
1341,9395052,5321.950320232395
1342,8082434,6186.255279040943
1343,6811660,7340.35462721275
1344,9695449,5157.058739621032
1345,10044571,4977.813387948575
1346,9415370,5310.465759709921
1347,7928416,6306.429935058907
1348,8784245,5692.008818060061
1349,8021174,6233.501479957921
1350,8748628,5715.181854800548
1351,7891292,6336.098068605243
1352,10708347,4669.254741184611
1353,6034986,8285.023362108876
1354,8771873,5700.036924839199
1355,4851646,10305.78075976689
1356,7923333,6310.475654626658
1357,5505686,9081.52044994938
1358,6749488,7407.969315598458
1359,10662969,4689.125514666694
1360,6547531,7636.466326008995
1361,10194302,4904.700684755072
1362,6874969,7272.760066263572
1363,7778662,6427.840674912986
1364,7781645,6425.376639515167
1365,6631808,7539.422130435622
1366,9018539,5544.135252949507
1367,11022286,4536.26407443973
1368,8236178,6070.7770036053125
1369,7016064,7126.502836918249
1370,7214673,6930.32102771671
1371,8544745,5851.549695163519
1372,6064642,8244.509733633082
1373,6342651,7883.139084903143
1374,10912828,4581.763773789892
1375,8012276,6240.424069265712
1376,4119779,12136.573345317795
1377,7989183,6258.46222323359
1378,10424642,4796.327777970697
1379,8505495,5878.552629799911
1380,8905081,5614.772061028979
1381,10254596,4875.862491316088
1382,8968779,5574.894865845172
1383,7120603,7021.877220229804
1384,8884790,5627.59502475579
1385,11433673,4373.047926068902
1386,9054830,5521.914823359467
1387,8309365,6017.306978331076
1388,8221321,6081.747689939367
1389,8183889,6109.564780265226
1390,9911639,5044.574363533619
1391,9381980,5329.365443115419
1392,10780168,4638.146641128413
1393,9179988,5446.630213459975
1394,10020386,4989.827737174995
1395,8843700,5653.742211970103
1396,7394464,6761.815325627389
1397,9835813,5083.463868213029
1398,9280476,5387.65468495366
1399,8524546,5865.415002746187
1400,11741086,4258.549847944219
1401,9734466,5136.388580534361
1402,11973383,4175.929225683334
1403,8999602,5555.801245432854
1404,7678416,6511.759717108321
1405,11177704,4473.190558633508
1406,7800011,6410.247370163965
1407,9745196,5130.733132509597
1408,4908457,10186.500564230266
1409,6507407,7683.551989294661
1410,6785963,7368.150990507906
1411,8835624,5658.909885708129
1412,10793244,4632.527532964139
1413,9912459,5044.157055277606
1414,8585397,5823.842508389536
1415,10001031,4999.484553142571
1416,9986661,5006.67840832887
1417,7029787,7112.591035830816
1418,7630182,6552.923639305065
1419,7039157,7103.123285927562
1420,9608334,5203.815770767336
1421,7790671,6417.932421995486
1422,5641029,8863.631085746945
1423,8313064,6014.629503634279
1424,9554464,5233.155936324633
1425,10331688,4839.480247564579
1426,8470357,5902.938919811762
1427,10124161,4938.680844763334
1428,7226764,6918.726002398861
1429,9072259,5511.306500398633
1430,6500212,7692.056812916256
1431,7022316,7120.158078901604
1432,5481712,9121.238036584191
1433,10127537,4937.034542554621
1434,8558170,5842.370506778902
1435,10479120,4771.393017734314
1436,11611234,4306.174520296464
1437,10816076,4622.748582757739
1438,3783179,13216.398166726978
1439,8786830,5690.33428437787
1440,8399821,5952.507797487589
1441,6463241,7736.056879203484
1442,8635711,5789.911218659355
1443,8491462,5888.267532728757
1444,6862127,7286.37053788133
1445,6844348,7305.29774348119
1446,6957496,7186.493531580902
1447,8312427,6015.090418237658
1448,7108837,7033.499291093606
1449,9252649,5403.857857355229
1450,7394265,6761.997304667874
1451,8072141,6194.1435363926375
1452,7921547,6311.898420851382
1453,8765341,5704.284636501878
1454,7367664,6786.411541025757
1455,8827920,5663.848335734805
1456,8480941,5895.5722012451215
1457,9416334,5309.922099194867
1458,9371373,5335.397491915006
1459,6486580,7708.222206463191
1460,8873698,5634.629440848674
1461,7780195,6426.574141136565
1462,9020496,5542.932450721113
1463,10643720,4697.605724314431
1464,7634669,6549.0723959349125
1465,7028130,7114.267948942322
1466,10630594,4703.406037329616
1467,11341602,4408.5482809218665
1468,12042671,4151.902846137705
1469,10991297,4549.053674011357
1470,10299518,4854.596108283902
1471,8438303,5925.362007029139
1472,11511777,4343.378090107201
1473,9632949,5190.518500616997
1474,9772558,5116.367690015245
1475,9426916,5303.961550097614
1476,9466712,5281.664848365515
1477,10541116,4743.330782053817
1478,7651772,6534.434115391833
1479,8573790,5831.726692629514
1480,10001952,4999.024190478019
1481,8887922,5625.6119259372435
1482,11128788,4492.852231527818
1483,9542534,5239.698386193856
1484,8967761,5575.527715334965
1485,6493340,7700.197433062184
1486,9253319,5403.4665831795055
1487,6590058,7587.186637811079
1488,6733057,7426.047336299099
1489,6554825,7627.968710072351
1490,5019179,9961.788571397832
1491,9950186,5025.031692874887
1492,9045718,5527.4771997092985
1493,8472972,5901.117105072459
1494,8179331,6112.969385882537
1495,8089728,6180.677520925302
1496,8552779,5846.053078186634
1497,9174104,5450.123521599493
1498,8613553,5804.8055198592265
1499,9973928,5013.070076302937
1500,9754916,5125.6207639307195
1501,10015214,4992.404555708944
1502,8206617,6092.644508693412
1503,8233103,6073.044391646746
1504,9156798,5460.424047794873
1505,7905017,6325.097087077738
1506,8757460,5709.41802760161
1507,10427583,4794.9750196186405
1508,10767184,4643.739718760263
1509,6269625,7974.958629902107
1510,7904457,6325.545195577634
1511,5486023,9114.07042952609
1512,7163748,6979.58666329413
1513,8487136,5891.268856773357
1514,8453384,5914.791046993724
1515,9810511,5096.574480167241
1516,7198657,6945.740017895005
1517,8293430,6028.868634569774
1518,9551125,5234.985407478176
1519,8865386,5639.912351250132
1520,9316757,5366.67426229964
1521,9672132,5169.491069807567
1522,8715285,5737.047038622374
1523,7803871,6407.076693092441
1524,6934139,7210.700564266162
1525,9527284,5248.085393486748
1526,8557018,5843.157043727148
1527,10561036,4734.384013083565
1528,8484380,5893.18253072116
1529,8127312,6152.0955513950985
1530,7085383,7056.781545895261
1531,6675673,7489.88154452742
1532,10055541,4972.382888200645
1533,9932653,5033.901818577575
1534,8953316,5584.523097364149
1535,6491775,7702.05375263314
1536,6167159,8107.460825965409
1537,11157428,4481.319529913167
1538,10336851,4837.063047537397
1539,10569178,4730.736865251015
1540,10419029,4798.911683612744
1541,9100876,5493.976623788743
1542,8376258,5969.252618532047
1543,8685519,5756.7083786242365
1544,6211676,8049.357371504889
1545,8121749,6156.309435319904
1546,9801384,5101.3203849578795
1547,7099097,7043.149290677392
1548,7065098,7077.04266805641
1549,10135301,4933.252599010132
1550,6814675,7337.107052060443
1551,8352146,5986.485389503488
1552,11151870,4483.552982593951
1553,9002710,5553.883219608318
1554,8566382,5836.769828849566
1555,11663998,4286.694836538895
1556,7922578,6311.077025685327
1557,8314188,6013.816382309373
1558,7910131,6321.007831602283
1559,8376720,5968.923397224689
1560,9654231,5179.076407017815
1561,11741129,4258.534251689084
1562,8428541,5932.22480616752
1563,7019422,7123.093610841463
1564,8707384,5742.252782236318
1565,6466507,7732.149675241981
1566,9040640,5530.581905705791
1567,8625695,5796.634358158966
1568,7613567,6567.224009455752
1569,7983889,6262.612117979095
1570,7576123,6599.681657755556
1571,7737637,6461.92112656616
1572,6585175,7592.812643551614
1573,11586518,4315.36031791432
1574,5953084,8399.007976369896
1575,7512349,6655.707821881013
1576,6401383,7810.812132315782
1577,10696286,4674.519735167889
1578,8421853,5936.935731364582
1579,7030282,7112.09024047684
1580,7143380,6999.487637504934
1581,5124809,9756.461167625954
1582,4491342,11132.53009902163
1583,4000392,12498.775120038235
1584,6914071,7231.62952766901
1585,6425579,7781.399932986583
1586,5459061,9159.08431871342
1587,4869574,10267.838624076769
1588,6030945,8290.574694347237
1589,5604438,8921.501138918835
1590,10754821,4649.077841462912
1591,9189440,5441.027962530905
1592,7256174,6890.683712931912
1593,9604533,5205.87518414482
1594,10935078,4572.441092784158
1595,9831433,5085.7286013137655
1596,15977636,3129.3740826239878
1597,9995872,5002.064852371059
1598,8396621,5954.776332050714
1599,7656711,6530.21904574954
1600,10828516,4617.437883455129
1601,6671925,7494.089037271851
1602,11299141,4425.1151481338275
1603,8057773,6205.1884559170385
1604,6447091,7755.435746137289
1605,9761535,5122.14523637932
1606,5530351,9041.017468873133
1607,10879786,4595.678628237724
1608,9473434,5277.917173434681
1609,8447870,5918.651683797218
1610,6914857,7230.807520676132
1611,7191021,6953.1155589727805
1612,9689934,5159.9938657992925
1613,7546029,6626.001569832292
1614,10493293,4764.948429439643
1615,8537525,5856.498224016914
1616,12328199,4055.742448673971
1617,8718734,5734.777549125824
1618,10830388,4616.639773201107
1619,7006636,7136.092127520254
1620,5591385,8942.328242465865
1621,17603184,2840.395237588836
1622,11304084,4423.180153296808
1623,13542348,3692.121927453053
1624,11719903,4266.2469134770145
1625,10983884,4552.123820681281
1626,7096631,7045.596706380817
1627,9151668,5463.484907887831
1628,9187877,5441.95356555165
1629,12991083,3848.793822655124
1630,12620405,3961.8379917284747
1631,11704790,4271.755409537463
1632,9975180,5012.440878259841
1633,13113189,3812.9550332874787
1634,5992568,8343.668357205124
1635,10097635,4951.654521083402
1636,10051918,4974.175077830917
1637,14545548,3437.4779142044013
1638,8891298,5623.475897444895
1639,8640507,5786.6974704146405
1640,6561185,7620.5746370510815
1641,11752537,4254.4005604917475
1642,10285804,4861.068711789569
1643,7124499,7018.037338485134
1644,8338153,5996.53184584164
1645,10806668,4626.773025691175
1646,9479741,5274.405703700133
1647,11776208,4245.84891842943
1648,12654158,3951.2704045579326
1649,9795089,5104.598845400997
1650,11502917,4346.723531083463
1651,6624193,7548.089254041964
1652,4311489,11596.921620349722
1653,9574893,5221.990470285151
1654,9692366,5158.699124651298
1655,7958651,6282.47174049974
1656,9501549,5262.299862896039
1657,11410249,4382.025317764757
1658,6516064,7673.343908224351
1659,8637186,5788.922456920575
1660,5923299,8441.241949798583
1661,7904029,6325.8877213127635
1662,13771181,3630.7706652029337
1663,10239700,4882.955555338535
1664,9602812,5206.80817243949
1665,7359818,6793.646255926437
1666,6156082,8122.049056526537
1667,9074637,5509.862267768947
1668,8591200,5819.908743830897
1669,8652836,5778.452290093098
1670,9103057,5492.660322790464
1671,7984980,6261.756447730614
1672,10314288,4847.644355092663
1673,4758182,10508.21511241058
1674,8822721,5667.185894238297
1675,6657292,7510.561351372299
1676,6271144,7973.026930971447
1677,11173874,4474.723806622484
1678,8763821,5705.273989507545
1679,9153716,5462.262539060639
1680,10108854,4946.1590799511
1681,10174533,4914.230461486537
1682,8658556,5774.634939128418
1683,12742567,3923.8561586531196
1684,6562535,7619.006984343702
1685,7947518,6291.272319232243
1686,5575347,8968.051674631193
1687,10688033,4678.129268500575
1688,5870787,8516.745710583606
1689,5982976,8357.045055838433
1690,9542069,5239.953724920665
1691,8013373,6239.569779167899
1692,5780246,8650.150875931577
1693,9600634,5207.989389034099
1694,11267398,4437.581773538132
1695,7231694,6914.009359356189
1696,8877425,5632.2638602973275
1697,9205395,5431.597449104574
1698,9902500,5049.229992426155
1699,11370096,4397.500249778014
1700,17776571,2812.6909289761224
1701,11869237,4212.570698520891
1702,12520471,3993.4599904428514
1703,7854832,6365.508517559637
1704,13526964,3696.320918722043
1705,11336818,4410.408634945008
1706,9927619,5036.454360305326
1707,10561018,4734.392082278432
1708,8407313,5947.203345468403
1709,10234341,4885.512413549636
1710,12736396,3925.7573335502443
1711,10034069,4983.0233377904815
1712,11760419,4251.549200755518
1713,10183431,4909.936542998131
1714,6594319,7582.284084224619
1715,4622387,10816.922079436446
1716,10921219,4578.243509263939
1717,12127166,4122.974815385556
1718,9981363,5009.335899315554
1719,9805492,5099.183192439502
1720,9249996,5405.407742879024
1721,6092935,8206.22573521628
1722,8830259,5662.348069292191
1723,10913443,4581.50557986146
1724,11384911,4391.777854038561
1725,9598328,5209.240609406138
1726,12562720,3980.0298024631606
1727,10000699,4999.650524428343
1728,10090956,4954.931921217376
1729,8761042,5707.083700774406
1730,11515215,4342.08132457796
1731,7882060,6343.519333778225
1732,11782459,4243.596349454728
1733,8477025,5898.295687461108
1734,10196059,4903.855499463077
1735,8665553,5769.972210659839
1736,11955025,4182.341734960823
1737,7303814,6845.738404619833
1738,7953902,6286.222787255865
1739,5427547,9212.264767122237
1740,6402892,7808.971321084285
1741,11192321,4467.3486401971495
1742,10867998,4600.663342043309
1743,9276237,5390.116703572796
1744,11300080,4424.747435416387
1745,7956794,6283.937978034872
1746,6874427,7273.333472011558
1747,7795296,6414.1246207969525
1748,7741358,6458.815107116865
1749,11806628,4234.909408511897
1750,9038919,5531.634922273338
1751,9776778,5114.159286423401
1752,10780048,4638.198271473374
1753,10167690,4917.537808489441
1754,8261853,6051.911114855227
1755,8707632,5742.089238497906
1756,10071797,4964.357403152585
1757,8558038,5842.460620062682
1758,10695050,4675.059957643956
1759,11172780,4475.161956111191
1760,12124853,4123.761335498253
1761,7025350,7117.083134648095
1762,9494325,5266.303818333584
1763,10114441,4943.426927894483
1764,12358564,4045.7774867694984
1765,8906761,5613.712998473856
1766,10620091,4708.057586323884
1767,11096655,4505.862352213348
1768,8275769,6041.734611007146
1769,9911501,5044.644600247732
1770,12884457,3880.644717895368
1771,7547629,6624.596942960498
1772,7497238,6669.122682246449
1773,6251891,7997.58025211892
1774,12120379,4125.283541050985
1775,8459032,5910.841807904261
1776,12438332,4019.8315979988315
1777,11895056,4203.427037249761
1778,10670217,4685.940314053594
1779,5859756,8532.778497944284
1780,9128337,5477.4489592134905
1781,10946494,4567.672535151437
1782,9197965,5435.985024948453
1783,7572294,6603.018847392877
1784,8169617,6120.2379499553035
1785,9216682,5424.945766817169
1786,10292436,4857.936449641271
1787,13737876,3639.572813148117
1788,7436849,6723.277560160223
1789,9986763,5006.627272520636
1790,11743304,4257.7455203407835
1791,9590561,5213.459358633973
1792,13921563,3591.5507475705135
1793,8499056,5883.006300935068
1794,6252088,7997.328252577378
1795,11349254,4405.575908337235
1796,7981404,6264.561974309282
1797,9866806,5067.496006306397
1798,11487070,4352.720058291627
1799,8902405,5616.4598218121955
1800,7262384,6884.791550543183
1801,8497190,5884.298220941276
1802,8746605,5716.503717728193
1803,7795453,6413.995440675481
1804,7960815,6280.763967005891
1805,10914239,4581.171440354201
1806,10967729,4558.828906148209
1807,6540817,7644.3049851417645
1808,6909758,7236.143436571874
1809,8975511,5570.7134668989875
1810,4275508,11694.516768533706
1811,7519203,6649.640926039635
1812,11351312,4404.77717465611
1813,12073854,4141.179775736894
1814,7360684,6792.846969113197
1815,4002192,12493.153751744043
1816,11970674,4176.874251190869
1817,8305887,6019.826660295282
1818,8658092,5774.944410385106
1819,6389072,7825.86266049279
1820,7610709,6569.690156331033
1821,4883768,10237.996563309314
1822,5366289,9317.425878479524
1823,10928778,4575.076920768269
1824,6628370,7543.332674548947
1825,6695219,7468.015609347506
1826,9692239,5158.766720465725
1827,9490684,5268.324179795682
1828,12489562,4003.3429514982186
1829,8386583,5961.903673999292
1830,8014612,6238.605187624803
1831,6145403,8136.162917224468
1832,11723197,4265.048177557709
1833,7380932,6774.212253953837
1834,11047683,4525.835869838046
1835,5736167,8716.622092766826
1836,9769311,5118.0682035816035
1837,9703020,5153.034828331797
1838,11848139,4220.072029877434
1839,10503286,4760.4149787028555
1840,11440496,4370.439883026051
1841,10880920,4595.199670616087
1842,10141752,4930.114638969677
1843,9759988,5122.9571183899
1844,10707773,4669.505040870777
1845,9172099,5451.314906217213
1846,10734988,4657.667060270584
1847,9634515,5189.674830544142
1848,6885624,7261.50600148948
1849,6395807,7817.6217637586615
1850,10661292,4689.863104771917
1851,7893323,6334.4677520481555
1852,11180929,4471.900322415069
1853,10160375,4921.078208235424
1854,10582792,4724.651112863222
1855,9056685,5520.783818803458
1856,8722963,5731.997258271072
1857,5347540,9350.093687938754
1858,5696399,8777.475032911143
1859,6094851,8203.645995611705
1860,5834964,8569.033159416236
1861,7561417,6612.517204116635
1862,9413090,5311.75203891602
1863,8925767,5601.75949024885
1864,7321664,6829.048697126773
1865,8388370,5960.633591508244
1866,9256605,5401.5484078665995
1867,7667335,6521.170654471208
1868,10484713,4768.847750052863
1869,7079252,7062.893085314663
1870,9401836,5318.110207410553
1871,10582296,4724.872560737292
1872,10991131,4549.122378761567
1873,8252727,6058.603416785749
1874,12839657,3894.185023789966
1875,10598811,4717.510294315089
1876,9377087,5332.146326465778
1877,7144334,6998.552979186024
1878,8802238,5680.3735595424705
1879,9161885,5457.392228782614
1880,4559017,10967.276498420602
1881,5817734,8594.411501110226
1882,8187793,6106.651694785152
1883,6822715,7328.460883973608
1884,9645797,5183.604838459694
1885,9605464,5205.370609894535
1886,7202203,6942.320287278767
1887,8627120,5795.676888695185
1888,9254420,5402.823731795185
1889,9971397,5014.342523921172
1890,7974778,6269.767007934264
1891,8323935,6006.774440213673
1892,12773254,3914.429322395061
1893,6090352,8209.706105656947
1894,7175876,6967.7904133237535
1895,7694422,6498.213900927191
1896,9197295,5436.38102289858
1897,10802613,4628.509787400511
1898,8953032,5584.700244565193
1899,10384806,4814.726437836201
1900,8341242,5994.311158937722
1901,9343073,5351.558314914162
1902,9919209,5040.724517448922
1903,6185974,8082.801511936519
1904,5306149,9423.029771685642
1905,11061748,4520.081274677384
1906,5012903,9974.260423550984
1907,8399458,5952.765047459015
1908,9166222,5454.8100624226645
1909,10396302,4809.402420206723
1910,10121817,4939.82453940829
1911,8062819,6201.305027435194
1912,4822112,10368.900597912283
1913,9064539,5516.000317280339
1914,11947985,4184.80605725568
1915,5380055,9293.585288626233
1916,8882493,5629.050312789439
1917,7332803,6818.674932355335
1918,11337528,4410.132438041167
1919,11029230,4533.408043897896
1920,9002287,5554.1441858052285
1921,7356990,6796.2577086553065
1922,5985523,8353.488909824588
1923,8392705,5957.55480503604
1924,9128381,5477.422557187304
1925,4607261,10852.434884848068
1926,12640496,3955.5409851005847
1927,10532346,4747.280425462665
1928,7050973,7091.219892630422
1929,5906291,8465.54969946452
1930,6869241,7278.824545535671
1931,6861814,7286.702903925989
1932,10085770,4957.479696641903
1933,10067015,4966.715555703453
1934,9612114,5201.769350634002
1935,4466427,11194.630517861367
1936,5099364,9805.144327802447
1937,6698179,7464.715409964409
1938,13178463,3794.0691566231967
1939,9605593,5205.300703454748
1940,11500412,4347.670326941331
1941,6942145,7202.384853672748
1942,6359202,7862.6217566292125
1943,11769397,4248.306009220354
1944,8413583,5942.7713496140705
1945,8192013,6103.5059392605945
1946,8213412,6087.604031065287
1947,6209554,8052.108090210666
1948,6843568,7306.130369421331
1949,7976699,6268.257082284288
1950,7788049,6420.093145279389
1951,10745615,4653.060806663927
1952,9690195,5159.854884241236
1953,6520592,7668.015419458847
1954,6187766,8080.460702618684
1955,10403400,4806.121075802142
1956,8282193,6037.048400103692
1957,7650775,6535.285640997154
1958,10626996,4704.998477462493
1959,8881173,5629.886952995961
1960,6823088,7328.060256587633
1961,10664771,4688.333204716726
1962,8038610,6219.980817579159
1963,4248491,11768.884528647935
1964,3352007,14916.436630353099
1965,7420078,6738.473638686817
1966,9645223,5183.913321651557
1967,9465046,5282.594506143974
1968,9639101,5187.205736302587
1969,10753284,4649.742348476986
1970,9597329,5209.782846873332
1971,8582824,5825.588407731535
1972,7751733,6450.170561860167
1973,8626492,5796.098808182979
1974,7503493,6663.563223154869
1975,8825776,5665.224225042648
1976,7135820,7006.903201033659
1977,9273502,5391.706390962119
1978,11211036,4459.891128705679
1979,7699253,6494.13650908731
1980,9433746,5300.1214999852655
1981,8625415,5796.822529698571
1982,10780075,4638.18665454554
1983,5064925,9871.814488862126
1984,7195509,6948.778745186754
1985,7984876,6261.838004747976
1986,7928423,6306.42436711563
1987,12637029,3956.626197502593
1988,8446666,5919.495336976744
1989,4327396,11554.292697039975
1990,6199357,8065.352584147034
1991,9136835,5472.354485989951
1992,7108242,7034.088034706753
1993,10356625,4827.827598276465
1994,8197318,6099.555976723118
1995,7226646,6918.838974539503
1996,4706076,10624.562799240812
1997,6581191,7597.4090404001345
1998,8354705,5984.651762090942
1999,9660774,5175.568748425333
2000,5487244,9112.042402342597
height,put_latency,put_throughput,get_latency,get_throughput
2001,12323511,40572.852979966505,5471475,91383.03656692209
2002,10342649,48343.5143163033,4225238,118336.52920853216
2003,10335424,48377.308952201674,4610563,108446.62571577485
2004,10653618,46932.41300748722,4124407,121229.54887817813
2005,10171735,49155.822482595155,4901326,102013.21030268136
2006,9148446,54654.09097894878,4168066,119959.71273007673
2007,9679825,51653.82638632413,3800878,131548.55272913259
2008,8985617,55644.48161990434,5615521,89038.93334207103
2009,10696189,46745.62126753743,3986701,125416.98010460277
2010,10629717,47037.94089720357,4271939,117042.86976007851
2011,9390100,53247.56924846381,4839551,103315.36954564587
2012,10309631,48498.34101724882,4135053,120917.4344319166
2013,10662664,46892.59644681667,4359885,114681.92394982895
2014,9573502,52227.49209223542,4375207,114280.30719460816
2015,10404470,48056.268123220114,4353973,114837.64368773071
2016,10449621,47848.62532334905,4468906,111884.20611218942
2017,9271030,53931.44019596528,3895785,128343.83827649626
2018,10418572,47991.221829632705,4425698,112976.52935198019
2019,10413233,48015.82755326804,4303450,116185.85088707898
2020,10038274,49809.359656849374,3958851,126299.27218781409
