height,range,latency,throughput
1,-1,31674,31571636.042179704
2,-1,32314,30946339.04809061
3,-1,101891744,9814.337852534942
4,-1,77549874,12894.927463067188
5,-1,83281985,12007.398718942639
6,-1,93950183,10643.938820214964
7,-1,93538670,10690.765648046952
8,-1,98546754,10147.467667986304
9,-1,95622953,10457.740203860887
10,-1,101205382,9880.897440810015
11,-1,106690216,9372.930691226644
12,-1,92708510,10786.496298991322
13,-1,100335683,9966.544006084057
14,-1,106911981,9353.488642213075
15,-1,101596084,9842.899062920575
16,-1,107826923,9274.121640288298
17,-1,106430140,9395.834676154705
18,-1,105333851,9493.6242291189
19,-1,112077056,8922.432794808601
20,-1,107865443,9270.809743951082
21,-1,111195344,8993.182304467711
22,-1,116646126,8572.937947377695
23,-1,110195218,9074.803953834004
24,-1,116068772,8615.581803519037
25,-1,108535764,9213.552870922806
26,-1,125306021,7980.462487113848
27,-1,126706467,7892.256991113169
28,-1,122222238,8181.817125619972
29,-1,112807011,8864.697248294258
30,-1,110844859,9021.618224080199
31,-1,120146272,8323.187922135445
32,-1,120064866,8328.831183637018
33,-1,113561598,8805.793662748563
34,-1,121279438,8245.420794248732
35,-1,138759159,7206.731485018586
36,-1,125475345,7969.693169602363
37,-1,123346679,8107.230839996917
38,-1,118953335,8406.657955407472
39,-1,121179461,8252.223534811728
40,-1,123564746,8092.9232031926
41,-1,124816132,8011.784886908688
42,-1,121337557,8241.471352517836
43,-1,115197243,8680.763306114886
44,-1,122381897,8171.143155265849
45,-1,119936442,8337.749422314862
46,-1,112729214,8870.814977916905
47,-1,122189281,8184.023932508449
48,-1,133092867,7513.550669849196
49,-1,137204758,7288.37698179534
50,-1,130532226,7660.943436297485
51,-1,123126234,8121.746012307986
52,-1,118550750,8435.206019363015
53,-1,126407725,7910.908925858765
54,-1,127064485,7870.0196990528075
55,-1,127775347,7826.235838749082
56,-1,124893858,8006.7988611577675
57,-1,120118010,8325.146245762813
58,-1,128629746,7774.2515327675455
59,-1,121792018,8210.718702435819
60,-1,129472178,7723.667087766145
61,-1,120447174,8302.394873955282
62,-1,132276448,7559.924802335182
63,-1,124250941,8048.228785647587
64,-1,125023219,7998.51425997918
65,-1,119221866,8387.723104417775
66,-1,128495414,7782.37891042555
67,-1,128849483,7760.993499679002
68,-1,130960109,7635.913009204963
69,-1,122650059,8153.277773800338
70,-1,131936279,7579.416424196715
71,-1,129018343,7750.8358637035035
72,-1,106573946,9383.156367317019
73,-1,97064818,10302.394014688205
74,-1,124147163,8054.95651962663
75,-1,117434942,8515.353122071623
76,-1,129636730,7713.863192939222
77,-1,127429718,7847.463022714999
78,-1,129793478,7704.547373327958
79,-1,145394183,6877.854253632692
80,-1,136928881,7303.061214675376
81,-1,135027555,7405.895781790613
82,-1,125383481,7975.532279248173
83,-1,145983225,6850.102126460078
84,-1,128951492,7754.854050079544
85,-1,137378563,7279.156064545528
86,-1,130459645,7665.205589053994
87,-1,139202465,7183.780833191424
88,-1,148426417,6737.3451452378595
89,-1,135761144,7365.877824364828
90,-1,132716076,7534.882209748274
91,-1,128986544,7752.746674102687
92,-1,138960389,7196.295341401211
93,-1,135333128,7389.173772736562
94,-1,136725083,7313.94692223372
95,-1,130186457,7681.2905354663735
96,-1,128776285,7765.404942377394
97,-1,129210720,7739.295934578803
98,-1,140267778,7129.221081694187
99,-1,138613144,7214.323051499358
100,-1,129789799,7704.765765143068
101,-1,136322628,7335.539335406592
102,-1,137204583,7288.386277884027
103,-1,135245677,7393.951675069067
104,-1,126611092,7898.202157517131
105,-1,134753515,7420.956700090532
106,-1,135709147,7368.700062642056
107,-1,137002105,7299.157921697626
108,-1,149567217,6685.957123879626
109,-1,134542144,7432.615314945479
110,-1,122960338,8132.703734109775
111,-1,127660322,7833.287464213038
112,-1,132847783,7527.412030654663
113,-1,137767076,7258.628324230384
114,-1,126331193,7915.701389758901
115,-1,136160836,7344.25573003973
116,-1,131932372,7579.640878434294
117,-1,135735341,7367.278062092908
118,-1,133646315,7482.43601030077
119,-1,144147503,6937.338345708285
120,-1,131250021,7619.046400000195
121,-1,139977465,7144.007072852763
122,-1,129425894,7726.429148714245
123,-1,135409695,7384.995586911262
124,-1,136085936,7348.297916692875
125,-1,133733875,7477.537011471477
126,-1,137720743,7261.0703240251905
127,-1,129164996,7742.035620858146
128,-1,137338977,7281.254177392045
129,-1,127924340,7817.120651159897
130,-1,140965463,7093.936193434842
131,-1,127222398,7860.251148543828
132,-1,142911272,6997.348676597043
133,-1,136448905,7328.7506411282675
134,-1,136521109,7324.874573059614
135,-1,126078503,7931.566255985765
136,-1,138149360,7238.542400775508
137,-1,128284304,7795.185917678596
138,-1,142035769,7040.480063863351
139,-1,135229128,7394.8565282473755
140,-1,140962507,7094.084954093502
141,-1,142069837,7038.7917739358
142,-1,140595777,7112.589164040111
143,-1,138262755,7232.605772971904
144,-1,148854059,6717.9894637606085
145,-1,145052549,6894.053271687077
146,-1,134798898,7418.458272559468
147,-1,140630135,7110.85145441978
148,-1,152332825,6564.573328171391
149,-1,142835664,7001.052622263863
150,-1,141393705,7072.45064410753
151,-1,136723565,7314.028126753425
152,-1,144399220,6925.245164066676
153,-1,139959495,7144.9243225691835
154,-1,142677392,7008.818888419267
155,-1,134381789,7441.484500552378
156,-1,146616779,6820.501765353883
157,-1,132108469,7569.537423070128
158,-1,136012756,7352.251578521062
159,-1,130705114,7650.810051701574
160,-1,139600401,7163.303205697811
161,-1,132099786,7570.0349734101765
162,-1,132332284,7556.734983883449
163,-1,127310574,7854.807095599144
164,-1,136154243,7344.611361101688
165,-1,138807102,7204.242330482485
166,-1,144033158,6942.845757780303
167,-1,128947099,7755.118244265425
168,-1,141450369,7069.617471270082
169,-1,134214704,7450.748466427345
170,-1,140364383,7124.314435236752
171,-1,136615262,7319.826389528865
172,-1,146142070,6842.656601210041
173,-1,142815670,7002.0327601305935
174,-1,143826199,6952.836179728285
175,-1,139931725,7146.3422608418505
176,-1,148527853,6732.743925141098
177,-1,139209881,7183.398138239914
178,-1,140372435,7123.905772525781
179,-1,141514536,7066.411891425769
180,-1,146317966,6834.430708256292
181,-1,136584099,7321.49647961583
182,-1,137967956,7248.059832096085
183,-1,141531410,7065.569402579965
184,-1,145695674,6863.621770952513
185,-1,139027617,7192.815510892343
186,-1,144401890,6925.1171158493835
187,-1,140840970,7100.2067083179
188,-1,137918957,7250.634878278553
189,-1,139907947,7147.556814624691
190,-1,143483605,6969.437379274099
191,-1,137912260,7250.9869680911615
192,-1,149890997,6671.514767494675
193,-1,146075783,6845.761696173828
194,-1,148629163,6728.154689265121
195,-1,140059602,7139.817518544713
196,-1,134882824,7413.842402943757
197,-1,149697669,6680.1307373730715
198,-1,142180538,7033.311408626123
199,-1,144944717,6899.182120587397
200,-1,142465714,7019.232711668437
201,-1,146446107,6828.450550754483
202,-1,139592821,7163.692178697356
203,-1,133894257,7468.58022446773
204,-1,143349740,6975.94568361268
205,-1,137123149,7292.71466774731
206,-1,142181248,7033.276286898255
207,-1,140467601,7119.07936692106
208,-1,139449590,7171.0501264292
209,-1,138384121,7226.262614335644
210,-1,141673830,7058.4666201231385
211,-1,138872628,7200.8430631844885
212,-1,149720058,6679.131796756317
213,-1,134261198,7448.168308463924
214,-1,141143731,7084.976377732285
215,-1,137297005,7283.480072999408
216,-1,143477405,6969.738545243414
217,-1,147188399,6794.013704843682
218,-1,145866024,6855.606073145587
219,-1,140900655,7097.199086831782
220,-1,146010099,6848.841325694875
221,-1,151565697,6597.798972943066
222,-1,134017856,7461.6922688272225
223,-1,144130920,6938.136521989868
224,-1,138541644,7218.046293719454
225,-1,140035874,7141.0273056174165
226,-1,141424235,7070.923876660885
227,-1,134047292,7460.05372491971
228,-1,145799424,6858.737658661807
229,-1,141398712,7072.2002050485435
230,-1,148409748,6738.1018664623025
231,-1,124833808,8010.650448154237
232,-1,143574413,6965.029346837727
233,-1,135346024,7388.469719657224
234,-1,150347209,6651.2707927953625
235,-1,143369103,6975.003533362415
236,-1,141647131,7059.797067121677
237,-1,140203062,7132.511842002424
238,-1,146614307,6820.616762864759
239,-1,148647606,6727.319913917752
240,-1,137846342,7254.454383707911
241,-1,147901066,6761.276487351349
242,-1,142323170,7026.26283548912
243,-1,134562668,7431.481664736314
244,-1,147991149,6757.160862370222
245,-1,145391188,6877.995934664211
246,-1,147902937,6761.190955930781
247,-1,150396634,6649.084978856641
248,-1,136084184,7348.39252149978
249,-1,148237931,6745.911746434183
250,-1,134284299,7446.886996073904
251,-1,142419813,7021.49496573205
252,-1,148384550,6739.246100756447
253,-1,143577787,6964.865672431628
254,-1,149970688,6667.969676847785
255,-1,148125011,6751.054350976555
256,-1,137019724,7298.219342494078
257,-1,140662385,7109.221132572152
258,-1,142376413,7023.635298355212
259,-1,143514431,6967.94038782065
260,-1,143416431,6972.701754096782
261,-1,144863174,6903.065647312132
262,-1,145901318,6853.947679896902
263,-1,144236490,6933.058340507316
264,-1,134213337,7450.824354363531
265,-1,147068225,6799.565303790128
266,-1,139247369,7181.464232907697
267,-1,148735149,6723.360326885477
268,-1,146521400,6824.941612624504
269,-1,143966488,6946.060947183764
270,-1,140448840,7120.030325633164
271,-1,139346558,7176.352357408067
272,-1,138054708,7243.50523417137
273,-1,141582272,7063.031168195973
274,-1,145820514,6857.745680419149
275,-1,147705494,6770.228871784552
276,-1,137960728,7248.439570426158
277,-1,148681816,6725.772033884762
278,-1,144198051,6934.906491905359
279,-1,143768678,6955.617968470156
280,-1,144786843,6906.704913788333
281,-1,126097015,7930.401841788245
282,-1,145179535,6888.023163870858
283,-1,143024427,6991.812664280067
284,-1,144240902,6932.846274075574
285,-1,148575331,6730.592442698311
286,-1,143463703,6970.404214367728
287,-1,150561034,6641.824736671243
288,-1,135333502,7389.153352434492
289,-1,141118310,7086.2526627480165
290,-1,129420282,7726.764186775608
291,-1,135401848,7385.423572653159
292,-1,137482776,7273.638408348694
293,-1,152525521,6556.2798503733675
294,-1,139523548,7167.248929191508
295,-1,146609230,6820.852957211494
296,-1,145696133,6863.600147850184
297,-1,148926146,6714.737652581166
298,-1,149718630,6679.195501588547
299,-1,147016036,6801.979071181051
300,-1,133308529,7501.395503358979
301,-1,140344649,7125.316192140678
302,-1,130132777,7684.459081358111
303,-1,142273516,7028.715028030937
304,-1,137025899,7297.890452081618
305,-1,133026167,7517.318002555091
306,-1,147823615,6764.819004054258
307,-1,148340140,6741.263693023345
308,-1,142649939,7010.167736559635
309,-1,144332582,6928.442532816325
310,-1,149639162,6682.742583121389
311,-1,145092265,6892.1661675072755
312,-1,147036242,6801.04433028151
313,-1,139608499,7162.88769783278
314,-1,145567587,6869.661169831716
315,-1,137169949,7290.226520387494
316,-1,137657875,7264.386436300866
317,-1,145450056,6875.212203424659
318,-1,149986880,6667.249828785024
319,-1,137531655,7271.053344046503
320,-1,145974166,6850.5272364426455
321,-1,145041702,6894.568846137781
322,-1,146594740,6821.52715711355
323,-1,130654606,7653.767675056171
324,-1,145686407,6864.058360640331
325,-1,130273540,7676.155879390397
326,-1,152309778,6565.566657184675
327,-1,141179530,7083.179834923661
328,-1,153582756,6511.1476447264695
329,-1,137216250,7287.766572836672
330,-1,144964263,6898.251881568908
331,-1,129344233,7731.307200994419
332,-1,134572566,7430.935068890638
333,-1,140263238,7129.451838264278
334,-1,148923937,6714.837252791672
335,-1,131074902,7629.2256163578895
336,-1,152773513,6545.637266323776
337,-1,156860539,6375.08965846407
338,-1,147032581,6801.213671138644
339,-1,139665503,7159.964189582305
340,-1,146379336,6831.565351546614
341,-1,131827679,7585.660368032422
342,-1,151134084,6616.641154221705
343,-1,150115391,6661.542119954908
344,-1,150528236,6643.271897506325
345,-1,146390542,6831.042404365167
346,-1,138206707,7235.538865707871
347,-1,137840377,7254.7683179943715
348,-1,141978930,7043.298607758207
349,-1,149354163,6695.494654541367
350,-1,143925294,6948.049034383074
351,-1,133527475,7489.095409016009
352,-1,146061908,6846.412002231274
353,-1,133878210,7469.475428450978
354,-1,155560856,6428.35238705552
355,-1,141771834,7053.587244981256
356,-1,139483173,7169.3235713816175
357,-1,135091653,7402.3818481220305
358,-1,140535435,7115.64311164654
359,-1,136563741,7322.587918853219
360,-1,158198544,6321.170692948982
361,-1,158964918,6290.6961647978205
362,-1,152325012,6564.910035917148
363,-1,145322673,6881.238690125113
364,-1,139706955,7157.839779701733
365,-1,139551795,7165.798189840553
366,-1,144206917,6934.480126220297
367,-1,147014347,6802.057216905504
368,-1,130086033,7687.22034901318
369,-1,146992958,6803.046986781503
370,-1,135433606,7383.691755205868
371,-1,153238472,6525.776372920242
372,-1,152009327,6578.543696861443
373,-1,149196751,6702.558824488075
374,-1,146418076,6829.757823070971
375,-1,142762701,7004.630712331508
376,-1,147253548,6791.00784722688
377,-1,141862760,7049.066294776727
378,-1,146392221,6830.964057851134
379,-1,132309787,7558.019876488804
380,-1,148153882,6749.738761485844
381,-1,146558256,6823.225298204968
382,-1,161145429,6205.574717232594
383,-1,137877430,7252.8186810560655
384,-1,152867112,6541.629438253533
385,-1,139902394,7147.8405151523
386,-1,150585425,6640.748930382871
387,-1,148001408,6756.692476871572
388,-1,149329351,6696.607152601901
389,-1,155184404,6443.946519264913
390,-1,142160818,7034.2870424395
391,-1,148306723,6742.782658612179
392,-1,139252861,7181.181002808984
393,-1,145800503,6858.6869004148775
394,-1,140876685,7098.406666795147
395,-1,148343992,6741.088644830322
396,-1,140951827,7094.622476940295
397,-1,142731980,7006.138358061032
398,-1,142015465,7041.486643725738
399,-1,141114948,7086.421489522145
400,-1,139586712,7164.0056970465785
401,-1,152029703,6577.661998063629
402,-1,149598580,6684.555428266765
403,-1,148979418,6712.336599408652
404,-1,131156775,7624.46316631375
405,-1,144568740,6917.124684077622
406,-1,150523720,6643.471208391607
407,-1,155613230,6426.188827261024
408,-1,144060733,6941.516811524206
409,-1,140378980,7123.573629043323
410,-1,138638713,7212.992521071657
411,-1,144601211,6915.571405553444
412,-1,142668932,7009.23449822979
413,-1,159215102,6280.811226060703
414,-1,142857115,7000.001365000267
415,-1,152198197,6570.380068300021
416,-1,147510861,6779.161840835571
417,-1,136909061,7304.118461523887
418,-1,154506603,6472.21530072731
419,-1,148297386,6743.207193146344
420,-1,152094744,6574.849161125515
421,-1,145638455,6866.318377244526
422,-1,147814958,6765.215195609635
423,-1,141183646,7082.973335311088
424,-1,142670129,7009.17569086939
425,-1,149497263,6689.085672424652
426,-1,148213731,6747.01320352026
427,-1,141696213,7057.3516315499555
428,-1,145892814,6854.347192179047
429,-1,140873081,7098.588267548433
430,-1,148346875,6740.957637294348
431,-1,152427748,6560.485299566323
432,-1,142102067,7037.195313985123
433,-1,152766169,6545.951937827282
434,-1,147847446,6763.728607121154
435,-1,156057370,6407.899864005141
436,-1,138874956,7200.722353424185
437,-1,152039345,6577.244857244025
438,-1,149959994,6668.445185453928
439,-1,143851990,6951.5896165218155
440,-1,143119553,6987.165478360598
441,-1,149659077,6681.853316521523
442,-1,146248186,6837.691648360001
443,-1,142877839,6998.986035896021
444,-1,148245376,6745.572961412301
445,-1,135814052,7363.0083579275
446,-1,145929352,6852.630990919497
447,-1,140421762,7121.403304994848
448,-1,151590823,6596.705395550231
449,-1,150707009,6635.391456810081
450,-1,148121251,6751.225723849713
451,-1,141468074,7068.732695123848
452,-1,158371003,6314.28721834893
453,-1,142624058,7011.439823146808
454,-1,146120106,6843.685153089063
455,-1,135201390,7396.373661542977
456,-1,143820448,6953.114205290196
457,-1,145404481,6877.367142488546
458,-1,146344025,6833.213723621446
459,-1,137311642,7282.703676356882
460,-1,140737041,7105.44994334505
461,-1,145414754,6876.881282624183
462,-1,143975334,6945.634173698114
463,-1,139022564,7193.07694540866
464,-1,149583700,6685.220381632491
465,-1,151024804,6621.428887932872
466,-1,149588256,6685.016770300471
467,-1,141980620,7043.21477114271
468,-1,149478573,6689.922039863199
469,-1,141184184,7082.946344754878
470,-1,141099439,7087.200396310576
471,-1,147361212,6786.046249402454
472,-1,145853371,6856.200807316274
473,-1,139887896,7148.581318286466
474,-1,144727825,6909.521372272401
475,-1,141924613,7045.994199751667
476,-1,144936334,6899.58116368529
477,-1,150517279,6643.755498662716
478,-1,149748658,6677.856171505724
479,-1,143439924,6971.5597451097365
480,-1,147764863,6767.508727700712
481,-1,142636950,7010.80610599147
482,-1,138480291,7221.244213012233
483,-1,146527869,6824.640301020143
484,-1,145229582,6885.649509064896
485,-1,136853309,7307.094050608597
486,-1,150309918,6652.920933667198
487,-1,134545619,7432.423347801462
488,-1,153135506,6530.164206333703
489,-1,145060527,6893.674114392263
490,-1,144215850,6934.050591526521
491,-1,143453760,6970.887343768473
492,-1,143069934,6989.588741964472
493,-1,137589712,7267.985269131169
494,-1,144932283,6899.774013771659
495,-1,137734826,7260.327899931423
496,-1,147863775,6762.981670121705
497,-1,138494707,7220.492549220671
498,-1,147433780,6782.706107107883
499,-1,153282484,6523.902626734572
500,-1,145787131,6859.315998200143
501,-1,142951492,6995.3799432887345
502,-1,152039691,6577.229889266218
503,-1,136330987,7335.089564047534
504,-1,145340586,6880.390588214636
505,-1,142251925,7029.781846537402
506,-1,136413096,7330.674468380954
507,-1,143616096,6963.007823301366
508,-1,141907819,7046.828053921398
509,-1,136538291,7323.952809692045
510,-1,143081443,6989.026522468046
511,-1,144116709,6938.820674846246
512,-1,134432929,7438.653664981144
513,-1,130507866,7662.373392880396
514,-1,139024211,7192.991730051969
515,-1,148167284,6749.128235353224
516,-1,142521162,7016.501872192145
517,-1,141303976,7076.9416990785885
518,-1,143805393,6953.84212746458
519,-1,148687511,6725.51442467821
520,-1,130383248,7669.696953706814
521,-1,141378744,7073.199065907673
522,-1,152312183,6565.462987291043
523,-1,147183933,6794.21985550556
524,-1,139426010,7172.262908477407
525,-1,141236067,7080.344427886115
526,-1,146718819,6815.758242983131
527,-1,141872759,7048.569486126649
528,-1,149861353,6672.8344565259595
529,-1,140255148,7129.863069268587
530,-1,154312162,6480.370613950701
531,-1,148577819,6730.479736009585
532,-1,148258421,6744.979430207205
533,-1,142331899,7025.831925421019
534,-1,144363621,6926.952878246245
535,-1,144418333,6924.328644618824
536,-1,141295977,7077.342336505448
537,-1,144585890,6916.304211980851
538,-1,140444419,7120.25445453977
539,-1,147822214,6764.883118311298
540,-1,142475365,7018.757242699466
541,-1,139267890,7180.406050526076
542,-1,134323504,7444.713473228036
543,-1,149984978,6667.3343779801735
544,-1,143736284,6957.185563528274
545,-1,154697804,6464.215872127054
546,-1,152709817,6548.367483146155
547,-1,156415100,6393.244641981497
548,-1,147947126,6759.171516451087
549,-1,139828284,7151.628922228639
550,-1,145471115,6874.216919283254
551,-1,138004562,7246.137268998397
552,-1,149955804,6668.631512255438
553,-1,146676907,6817.705802863705
554,-1,149102766,6706.783695749816
555,-1,143511118,6968.101244950235
556,-1,157416167,6352.58766019884
557,-1,150171691,6659.044679732613
558,-1,148823323,6719.376908416431
559,-1,146830376,6810.579848954415
560,-1,142676679,7008.8539136798945
561,-1,142206383,7032.033154236122
562,-1,150489666,6644.9745459598535
563,-1,155141087,6445.745735944211
564,-1,148036180,6755.105407340287
565,-1,146906513,6807.0501407926
566,-1,144094620,6939.884362094852
567,-1,146620717,6820.318577489974
568,-1,150111610,6661.709910379351
569,-1,139543402,7166.229185096118
570,-1,143070231,6989.57423225241
571,-1,141662905,7059.010966914733
572,-1,150968842,6623.883357335417
573,-1,145331046,6880.842239310656
574,-1,146899006,6807.398002407178
575,-1,130172456,7682.1167144607
576,-1,151854758,6585.239825017535
577,-1,143266657,6979.991164308385
578,-1,155607084,6426.442641904401
579,-1,142827279,7001.463634968499
580,-1,140826973,7100.912408306895
581,-1,132933770,7522.542992649648
582,-1,146035245,6847.662014741715
583,-1,136596267,7320.844280466318
584,-1,150525035,6643.413170440386
585,-1,139121143,7187.980047001195
586,-1,145839592,6856.848584710797
587,-1,143712081,6958.357244858211
588,-1,145134472,6890.16183556998
589,-1,142685276,7008.431619811984
590,-1,148122547,6751.166653919339
591,-1,150786476,6631.894494304649
592,-1,153625328,6509.343303078253
593,-1,157042299,6367.711160417997
594,-1,151872080,6584.488735520051
595,-1,143163604,6985.0155490637135
596,-1,149480933,6689.816419596472
597,-1,149588042,6685.026333856285
598,-1,152796720,6544.643104904346
599,-1,145311733,6881.756753943607
600,-1,156266777,6399.312887857155
601,-1,151046251,6620.488713751657
602,-1,158848956,6295.288462582026
603,-1,150136447,6660.607866922546
604,-1,156269835,6399.187661521496
605,-1,143640970,6961.802054107544
606,-1,151816822,6586.885345288021
607,-1,151681938,6592.7427694126645
608,-1,150638073,6638.427988918844
609,-1,149216066,6701.691224053582
610,-1,152429682,6560.4020613255625
611,-1,136338479,7334.686490084726
612,-1,146905296,6807.106532088537
613,-1,146666766,6818.17720041635
614,-1,148775321,6721.5448992376905
615,-1,141790361,7052.665589870387
616,-1,149616888,6683.737466856014
617,-1,150018591,6665.8405023948
618,-1,150548622,6642.3723227436785
619,-1,147427789,6782.981734874963
620,-1,155270066,6440.391414530603
621,-1,141062254,7089.06863206652
622,-1,151871175,6584.527972474039
623,-1,157838305,6335.59768650582
624,-1,150730798,6634.344230035855
625,-1,138222565,7234.708746723084
626,-1,145041716,6894.568180646732
627,-1,139198706,7183.974828041864
628,-1,146111414,6844.092276049016
629,-1,140043380,7140.644563134651
630,-1,146937768,6805.602219301439
631,-1,141078223,7088.266202502423
632,-1,151000845,6622.479496720697
633,-1,139977267,7144.017178160794
634,-1,139715524,7157.40077673831
635,-1,161538038,6190.492421357749
636,-1,162723975,6145.375934922927
637,-1,149362843,6695.105555804131
638,-1,147144211,6796.0539745596925
639,-1,142003408,7042.084511098494
640,-1,148930693,6714.532645060613
641,-1,150997647,6622.619755127707
642,-1,150992633,6622.839671919623
643,-1,150195424,6657.99245654781
644,-1,141809764,7051.7006149167555
645,-1,149985635,6667.305172258663
646,-1,157157422,6363.046601769785
647,-1,149687066,6680.603920715501
648,-1,151714367,6591.333568296798
649,-1,145187862,6887.628113154528
650,-1,144688644,6911.392437958019
651,-1,148987357,6711.978923151177
652,-1,145011827,6895.989249207929
653,-1,144545031,6918.259265515671
654,-1,140868769,7098.80555568708
655,-1,150370585,6650.236813270361
656,-1,142717377,7006.855233893487
657,-1,145965675,6850.925739904262
658,-1,149233447,6700.910687937136
659,-1,158545065,6307.354946683456
660,-1,151752956,6589.657469341158
661,-1,148296658,6743.240296082735
662,-1,140853279,7099.586229724904
663,-1,152448570,6559.589243769227
664,-1,149536175,6687.345052125347
665,-1,137691778,7262.597771088408
666,-1,143984316,6945.200892574994
667,-1,147973085,6757.985751260103
668,-1,144041088,6942.463528184402
669,-1,151461979,6602.317007887504
670,-1,145026963,6895.269536879153
671,-1,145028336,6895.2042585664085
672,-1,142897246,6998.035497479077
673,-1,145097358,6891.924248544898
674,-1,142794492,7003.071238910251
675,-1,141777076,7053.326448910542
676,-1,146264576,6836.925435725462
677,-1,139066020,7190.829219100396
678,-1,146473924,6827.15375331926
679,-1,147239856,6791.639350693198
680,-1,149045680,6709.352461607744
681,-1,143561898,6965.636522860683
682,-1,146804067,6811.800384249573
683,-1,140224595,7131.416567828205
684,-1,153357335,6520.71842536909
685,-1,139628064,7161.884017814642
686,-1,158386112,6313.684876613424
687,-1,143503616,6968.465519363637
688,-1,150505747,6644.264554229946
689,-1,140380384,7123.502383352934
690,-1,139044552,7191.939458368711
691,-1,159336214,6276.037160014358
692,-1,151677761,6592.924324614733
693,-1,143112972,6987.486780723134
694,-1,168332111,5940.637196666535
695,-1,143484642,6969.38700937763
696,-1,147201438,6793.411895881071
697,-1,149687286,6680.594102026807
698,-1,147406650,6783.954455243369
699,-1,147033290,6801.1808754330405
700,-1,151355639,6606.955687987284
701,-1,145948905,6851.712933372128
702,-1,149488642,6689.471431548625
703,-1,132177890,7565.561834887817
704,-1,149844741,6673.574216395089
705,-1,139366587,7175.321011484625
706,-1,159028290,6288.189352976128
707,-1,138427395,7224.003601310275
708,-1,149317045,6697.159055083095
709,-1,141405825,7071.844459024231
710,-1,157662979,6342.64306270656
711,-1,145421887,6876.543968928144
712,-1,155366599,6436.389844640932
713,-1,149184135,6703.125637320617
714,-1,152521382,6556.457769311322
715,-1,143285182,6979.088737871024
716,-1,146293711,6835.56383363602
717,-1,150458003,6646.37294169058
718,-1,148584897,6730.159122430862
719,-1,152035136,6577.426944255833
720,-1,154106614,6489.0141574325935
721,-1,144781295,6906.969577803541
722,-1,142191705,7032.759048778549
723,-1,147830018,6764.525997690131
724,-1,156370722,6395.059044365095
725,-1,154616864,6467.599808517653
726,-1,148452717,6736.151551877626
727,-1,162402080,6157.556602723314
728,-1,149864126,6672.710986216942
729,-1,153692097,6506.515426098975
730,-1,158343941,6315.366370728388
731,-1,144831581,6904.571455309874
732,-1,146201742,6839.863782197615
733,-1,147982809,6757.541681750344
734,-1,151487332,6601.212040621324
735,-1,148008662,6756.361327014766
736,-1,158484573,6309.7624019216055
737,-1,149282374,6698.7144778391585
738,-1,143964066,6946.177805230925
739,-1,145494828,6873.096547459405
740,-1,149382887,6694.207215315098
741,-1,143991348,6944.861714885814
742,-1,152906803,6539.9313855250775
743,-1,135398750,7385.592555322704
744,-1,152235771,6568.758403043133
745,-1,143227083,6981.919753263424
746,-1,158713783,6300.650019790657
747,-1,157526514,6348.137685570824
748,-1,145225443,6885.845753625968
749,-1,148705756,6724.6892581616
750,-1,145907074,6853.677293261327
751,-1,160945986,6213.264616614919
752,-1,143240601,6981.260850755576
753,-1,146872749,6808.614986841432
754,-1,143972419,6945.774801491666
755,-1,148383800,6739.280164007122
756,-1,144843141,6904.020398176811
757,-1,148649886,6727.216729920668
758,-1,154276529,6481.867374654248
759,-1,152881779,6541.001854773027
760,-1,150750133,6633.493318377371
761,-1,167802468,5959.387915557952
762,-1,145091471,6892.203884265534
763,-1,162894938,6138.926183206504
764,-1,155185082,6443.918365813023
765,-1,153664559,6507.6814491752775
766,-1,142693828,7008.011586878166
767,-1,148296129,6743.264350480787
768,-1,144334108,6928.369280530697
769,-1,151258681,6611.1907983648225
770,-1,149257455,6699.832849220162
771,-1,143403574,6973.326899091093
772,-1,154057993,6491.062102827732
773,-1,148660360,6726.742757786945
774,-1,154215054,6484.451252080747
775,-1,153014225,6535.3400966478775
776,-1,156216047,6401.391017146913
777,-1,152344488,6564.070765724061
778,-1,153203962,6527.246338446521
779,-1,149655974,6681.991859543141
780,-1,151315657,6608.701437948354
781,-1,144803447,6905.912951091558
782,-1,151648842,6594.181576407949
783,-1,144954653,6898.709212183758
784,-1,149817223,6674.7999994633465
785,-1,153296306,6523.314397412812
786,-1,159367772,6274.794379380543
787,-1,148026523,6755.546098992003
788,-1,153078984,6532.575366452654
789,-1,154913017,6455.23545642391
790,-1,156885817,6374.062481377778
791,-1,155949283,6412.341119901142
792,-1,145240727,6885.121140986853
793,-1,139578163,7164.444484055863
794,-1,158102486,6325.011233536202
795,-1,148757671,6722.342406127076
796,-1,147040088,6800.866441266003
797,-1,142996395,6993.183289690625
798,-1,154619417,6467.49301868083
799,-1,146954619,6804.821834147316
800,-1,150376095,6649.993138869579
801,-1,148681994,6725.76398188472
802,-1,147192282,6793.834475641868
803,-1,151197024,6613.88679184585
804,-1,152705805,6548.53952670627
805,-1,148469542,6735.38819160633
806,-1,149922507,6670.112580227864
807,-1,145518375,6871.984379979504
808,-1,155273624,6440.243836905616
809,-1,142554934,7014.839626666308
810,-1,142366864,7024.106395993944
811,-1,148737691,6723.245421363977
812,-1,143685412,6959.648763786821
813,-1,155021048,6450.736934767723
814,-1,148036814,6755.076477125481
815,-1,157721838,6340.276100510571
816,-1,147891923,6761.69448415381
817,-1,147930921,6759.911945657393
818,-1,154478951,6473.373838484959
819,-1,146011777,6848.762617278468
820,-1,149051901,6709.072432427413
821,-1,151561304,6597.990209954911
822,-1,137340064,7281.196548736136
823,-1,154840754,6458.248065622311
824,-1,144743827,6908.757497478631
825,-1,154185373,6485.699522223811
826,-1,147308478,6788.475541781106
827,-1,152179922,6571.169092858387
828,-1,145971001,6850.675772237802
829,-1,152468459,6558.733567314404
830,-1,147868614,6762.760351564531
831,-1,147069779,6799.493456776052
832,-1,144703916,6910.663012050068
833,-1,150882089,6627.691905829856
834,-1,151543029,6598.785880147611
835,-1,149930340,6669.764105117083
836,-1,150428417,6647.6801387865435
837,-1,149540398,6687.156202433004
838,-1,144293675,6930.310701421944
839,-1,148144385,6750.1714627928695
840,-1,144388752,6925.747235491031
841,-1,152478350,6558.308113906007
842,-1,145616563,6867.350659828443
843,-1,145625803,6866.914924410751
844,-1,143497180,6968.77806239816
845,-1,155222848,6442.3505488058045
846,-1,142362781,7024.307849114018
847,-1,149258100,6699.8038967399425
848,-1,148461440,6735.75576257377
849,-1,146520019,6825.0059399732945
850,-1,147634771,6773.472084025518
851,-1,151511515,6600.1584104020085
852,-1,153126201,6530.5610239752505
853,-1,154336177,6479.362256070396
854,-1,152675563,6549.836662465755
855,-1,153512599,6514.123313096927
856,-1,153888298,6498.2198971360385
857,-1,149877191,6672.1293168618295
858,-1,147530128,6778.2765022748445
859,-1,157847002,6335.248609916583
860,-1,155413887,6434.431435332417
861,-1,157477660,6350.1070564548645
862,-1,153988502,6493.991350081449
863,-1,155282218,6439.887405523793
864,-1,160100400,6246.080584433268
865,-1,159188359,6281.8663769252125
866,-1,150468878,6645.892581188783
867,-1,161889456,6177.054545170626
868,-1,154580646,6469.115156887105
869,-1,146152466,6842.169874848365
870,-1,152264038,6567.538948362843
871,-1,147412573,6783.681877664533
872,-1,144232564,6933.247057855811
873,-1,156086291,6406.712553634835
874,-1,145656217,6865.481066283632
875,-1,150811035,6630.814515661935
876,-1,148236368,6745.982875133584
877,-1,158776780,6298.150145128274
878,-1,152481089,6558.19030778302
879,-1,145411168,6877.050874111678
880,-1,158757871,6298.90029200505
881,-1,145790161,6859.173439008686
882,-1,152363122,6563.267980292501
883,-1,142940439,6995.9208674320635
884,-1,152952745,6537.967004122744
885,-1,139184979,7184.683341440171
886,-1,152249091,6568.183714147758
887,-1,142844088,7000.639746462591
888,-1,144706037,6910.5617203793645
889,-1,138462067,7222.194653500297
890,-1,149713116,6679.4414993005685
891,-1,148817577,6719.636350482981
892,-1,148630733,6728.083619152978
893,-1,147126642,6796.865519434611
894,-1,147792176,6766.258046028093
895,-1,150109763,6661.791878253782
896,-1,157664585,6342.5784553963085
897,-1,159236158,6279.980706392074
898,-1,149848572,6673.403601070018
899,-1,148407127,6738.220867249859
900,-1,151732986,6590.524752475379
901,-1,146382241,6831.429777058816
902,-1,148472210,6735.267158749775
903,-1,149602560,6684.3775935385065
904,-1,149820028,6674.675030764245
905,-1,140889219,7097.775167594619
906,-1,154162757,6486.650987955541
907,-1,160416637,6233.76738660841
908,-1,153631685,6509.073958278854
909,-1,150547979,6642.400692738625
910,-1,163803946,6104.859036790237
911,-1,152383416,6562.393902496582
912,-1,160232044,6240.948907822707
913,-1,149374621,6694.5776551961935
914,-1,160555184,6228.388116076028
915,-1,151823125,6586.611888011132
916,-1,155343027,6437.3665127563145
917,-1,153474284,6515.749570136454
918,-1,149657209,6681.936718464394
919,-1,157198199,6361.396036095808
920,-1,146117351,6843.814188774884
921,-1,147624418,6773.947112191156
922,-1,146424666,6829.450442454825
923,-1,153157542,6529.224659403322
924,-1,143159890,6985.196761467196
925,-1,147550933,6777.320750659029
926,-1,156248912,6400.044564790314
927,-1,159922625,6253.023923287903
928,-1,159704754,6261.554368005851
929,-1,142342441,7025.31158644385
930,-1,153513177,6514.098786451406
931,-1,152114013,6574.016293949197
932,-1,157598330,6345.244902024026
933,-1,157273170,6358.3636039128605
934,-1,156504138,6389.60741089159
935,-1,142205328,7032.085323835405
936,-1,152175646,6571.353736852217
937,-1,141145712,7084.876939088309
938,-1,154685893,6464.713624532005
939,-1,137903985,7251.422067317344
940,-1,151855609,6585.20292128294
941,-1,141948194,7044.823691099586
942,-1,146452924,6828.132704267482
943,-1,152620957,6552.1801177016605
944,-1,150825048,6630.198453508862
945,-1,138056399,7243.416511247697
946,-1,138058235,7243.320182964819
947,-1,162362212,6159.068589186257
948,-1,149674705,6681.1556435003495
949,-1,157893209,6333.394617370783
950,-1,148446179,6736.448231516959
951,-1,148162895,6749.328163437951
952,-1,150265259,6654.898189075094
953,-1,161126670,6206.297194623336
954,-1,152929198,6538.973675909816
955,-1,154864673,6457.250582900853
956,-1,150609544,6639.685463757861
957,-1,153538013,6513.04507894081
958,-1,142301900,7027.313057661211
959,-1,160883371,6215.682787999264
960,-1,151617353,6595.551104232772
961,-1,151659529,6593.716903868269
962,-1,149353395,6695.529083888585
963,-1,147136089,6796.429120798501
964,-1,152758499,6546.280609892612
965,-1,154502436,6472.38985927704
966,-1,149618012,6683.687255515733
967,-1,147564720,6776.687544285653
968,-1,158836884,6295.766920232457
969,-1,151727720,6590.753489210805
970,-1,152600795,6553.045808182062
971,-1,151498199,6600.73853419208
972,-1,148894284,6716.1745443498685
973,-1,152432073,6560.299156989094
974,-1,155512733,6430.341623537669
975,-1,149723998,6678.956034823489
976,-1,147768204,6767.355716118739
977,-1,143057627,6990.190044184083
978,-1,149666613,6681.516872437008
979,-1,149625277,6683.36273155237
980,-1,152170671,6571.568577758326
981,-1,142989180,6993.53615427405
982,-1,155627102,6425.616021559021
983,-1,147590706,6775.494386482575
984,-1,150149177,6660.04316493856
985,-1,154061989,6490.893740181428
986,-1,150201479,6657.7240560993405
987,-1,148744822,6722.923101148354
988,-1,164092445,6094.125783792179
989,-1,148959466,6713.235666406054
990,-1,148630271,6728.104532622429
991,-1,147436580,6782.577295268244
992,-1,147194852,6793.715856312692
993,-1,150237796,6656.114683684524
994,-1,151901261,6583.2238219536575
995,-1,165617272,6038.017580678421
996,-1,152386472,6562.262298453895
997,-1,156676086,6382.594980066071
998,-1,151767761,6589.014645870673
999,-1,156918434,6372.737571418792
1000,-1,152926691,6539.0808724161825
1000,5,0.00016951700000000002,29495.566816307506
1000,50,0.000437197,114364.92016184924
1000,100,0.0004986810000000001,200528.99549010285
1000,200,0.001300044,153840.9469217965
1000,300,0.001353885,221584.55112509558
1000,400,0.002466751,162156.61815886563
1000,500,0.0027629150000000003,180968.28892673136
1000,1000,0.006317012,158302.69120907164
1000,2000,0.01659433,120523.09433402854
1000,5,0.000188851,26475.898989150177
1000,50,0.00040999000000000005,121954.1940047318
1000,100,0.000278836,358633.7488703037
1000,200,0.0012030950000000002,166237.91138688131
1000,300,0.001238987,242133.2911483333
1000,400,0.001803361,221808.05728858503
1000,500,0.0018332,272747.1088806458
1000,1000,0.004667216,214260.4927648517
1000,2000,0.007109685,281306.41512247024
1000,5,0.00011752000000000001,42545.94962559564
1000,50,0.00014336,348772.3214285714
1000,100,0.000227096,440342.4102582168
1000,200,0.000437284,457368.6665873894
1000,300,0.0008052990000000001,372532.4382620616
1000,400,0.0009302010000000001,430014.58824490616
1000,500,0.001383811,361321.01854949846
1000,1000,0.002333603,428521.90368284576
1000,2000,0.00672046,297598.6762810879
1000,5,0.000112756,44343.53825960481
1000,50,0.00023447000000000002,213246.8972576449
1000,100,0.000359852,277892.0222758245
1000,200,0.000701509,285099.6922348822
1000,300,0.001038574,288857.60667992843
1000,400,0.00101785,392985.2139313258
1000,500,0.001444736,346083.9904314698
1000,1000,0.0024603520000000003,406445.90692713886
1000,2000,0.003931012,508774.83965960925
1000,5,0.000123791,40390.65844851403
1000,50,0.00019902100000000002,251229.76972279305
1000,100,0.000334384,299057.3711660845
1000,200,0.000349423,572372.167830967
1000,300,0.0006143440000000001,488325.7588582292
1000,400,0.0013043730000000002,306660.748114228
1000,500,0.0012157420000000001,411271.4704271136
1000,1000,0.0019471170000000002,513579.82083254366
1000,2000,0.003972202,503499.06676447974
1000,5,0.00008819000000000001,56695.77049552103
1000,50,0.00013052000000000002,383083.0524057615
1000,100,0.000183513,544920.5233416706
1000,200,0.00034633600000000004,577473.8981798022
1000,300,0.000969021,309590.8138213723
1000,400,0.001438589,278050.2283835063
1000,500,0.001360159,367604.0815816386
1000,1000,0.001919815,520883.5226310868
1000,2000,0.0034399150000000004,581409.7150656338
1000,5,0.000056123000000000005,89090.03438875327
1000,50,0.00018247100000000002,274016.1450312652
1000,100,0.00016786400000000002,595720.3450412238
1000,200,0.000265989,751910.7933034825
1000,300,0.000391992,765321.7412600257
1000,400,0.000690886,578966.71809821
1000,500,0.001072919,466018.4039988107
1000,1000,0.002086938,479170.9193085755
1000,2000,0.003569126,560361.2761219413
1000,5,0.000115995,43105.306263201
1000,50,0.000229077,218267.22019233706
1000,100,0.00016958,589692.1806816842
1000,200,0.000729496,274161.88711110136
1000,300,0.001086872,276021.4634289962
1000,400,0.000641057,623969.4754132627
1000,500,0.000952198,525100.8718774876
1000,1000,0.003246559,308018.428126518
1000,2000,0.006173433000000001,323968.8516907853
1000,5,0.000124281,40231.41107651209
1000,50,0.000203629,245544.59335359893
1000,100,0.00034026200000000003,293891.17797461955
1000,200,0.000449784,444657.88022695336
1000,300,0.0006662640000000001,450271.96426641685
1000,400,0.0009585430000000001,417300.00636382506
1000,500,0.001498238,333725.3493770682
1000,1000,0.003015587,331610.39625121077
1000,2000,0.005276361,379049.12116513634
1000,5,0.0001263,39588.281868566904
1000,50,0.00023689200000000002,211066.6464042686
1000,100,0.000361335,276751.49099865777
1000,200,0.000810361,246803.5850688767
1000,300,0.0011157,268889.48642108095
1000,400,0.0014324700000000001,279237.9596082291
1000,500,0.001376017,363367.6037432677
1000,1000,0.0026955670000000003,370979.46368982847
1000,2000,0.004675749,427738.95690294757
1000,5,0.00009364900000000001,53390.85307905049
1000,50,0.00014628700000000002,341793.870952306
1000,100,0.00023017500000000002,434452.0473552731
1000,200,0.000518448,385766.74999228463
1000,300,0.001077468,278430.54271681386
1000,400,0.001333603,299939.3372690373
1000,500,0.0015663760000000002,319208.1594712891
1000,1000,0.00257528,388307.2908576931
1000,2000,0.004324619,462468.48566313006
1000,5,0.00011191800000000001,44675.56603942172
1000,50,0.00014624400000000002,341894.36831596505
1000,100,0.00021473100000000001,465698.9442604933
1000,200,0.00040509700000000004,493708.9141612996
1000,300,0.000756534,396545.2973693185
1000,400,0.000951034,420594.8472925258
1000,500,0.001197965,417374.46419553156
1000,1000,0.0020805420000000003,480643.9860382534
1000,2000,0.003752697,532950.0356676811
1000,5,0.00003669,136276.9146906514
1000,50,0.000139863,357492.6892745043
1000,100,0.000155363,643653.8944278882
1000,200,0.00035237100000000003,567583.5979691858
1000,300,0.000859086,349208.34468260454
1000,400,0.0005968880000000001,670142.4722896087
1000,500,0.0009645020000000001,518402.2428154633
1000,1000,0.0020124360000000003,496910.21229991905
1000,2000,0.006092676,328262.98329338373
1000,5,0.00011566600000000001,43227.91485829889
1000,50,0.00020536300000000002,243471.31664418612
1000,100,0.00034723500000000005,287989.40199000674
1000,200,0.0008264040000000001,242012.38135343
1000,300,0.0007896,379939.20972644375
1000,400,0.0009293630000000001,430402.3293374063
1000,500,0.0016534280000000002,302402.0398832002
1000,1000,0.0021752900000000003,459708.8204331376
1000,2000,0.005533171,361456.3873048565
1000,5,0.00012589800000000002,39714.68966941492
1000,50,0.00021382600000000002,233834.98732614366
1000,100,0.00031180000000000004,320718.40923669015
1000,200,0.000544243,367482.9074512672
1000,300,0.0009344280000000001,321052.02326985064
1000,400,0.0011991900000000002,333558.4853109182
1000,500,0.0012227260000000002,408922.3587295927
1000,1000,0.002340473,427264.06158071465
1000,2000,0.003882528,515128.28754873114
1000,5,0.000046705,107054.91917353602
1000,50,0.000177755,281286.039773846
1000,100,0.000163272,612474.8885295703
1000,200,0.00027291800000000003,732820.8472874635
1000,300,0.000394428,760595.0895981016
1000,400,0.0010321240000000001,387550.3330995112
1000,500,0.0012918250000000001,387049.3294370367
1000,1000,0.001894293,527901.4386897909
1000,2000,0.006376598000000001,313646.86938082025
1000,5,0.000129154,38713.47383743438
1000,50,0.00022389300000000002,223320.9613520744
1000,100,0.00034006600000000003,294060.5647139085
1000,200,0.000571008,350257.78973324364
1000,300,0.0010140820000000001,295834.0647008821
1000,400,0.001345068,297382.7345531973
1000,500,0.0015795190000000001,316552.06426766625
1000,1000,0.00334863,298629.58881691913
1000,2000,0.005932606,337119.97729159833
1000,5,0.000115483,43296.41592268992
1000,50,0.00022721700000000002,220053.95723031287
1000,100,0.00021481600000000002,465514.6730224936
1000,200,0.000473204,422650.6961056965
1000,300,0.001050155,285672.11506872793
1000,400,0.00124729,320695.2673395922
1000,500,0.001549889,322603.7477522584
1000,1000,0.0033691100000000002,296814.29220179806
1000,2000,0.006998326,285782.6285886082
1000,5,0.000131562,38004.89503047993
1000,50,0.000221775,225453.7256228159
1000,100,0.000343033,291517.14266557444
1000,200,0.000745014,268451.33111592534
1000,300,0.001083954,276764.5121471944
1000,400,0.001106536,361488.46490308497
1000,500,0.001522272,328456.4125202329
1000,1000,0.0027758640000000003,360248.19659752777
1000,2000,0.006567109000000001,304548.013440922
1000,5,0.000125881,39720.0530659909
1000,50,0.000246543,202804.37895215032
1000,100,0.000311836,320681.3838043074
1000,200,0.000603125,331606.2176165803
1000,300,0.0013706060000000001,218881.28316963444
1000,400,0.0015752580000000002,253926.6583632649
1000,500,0.001792629,278919.95499347604
1000,1000,0.003311684,301961.1774553369
1000,2000,0.005569432,359103.04677389003
